id;name;stock;costoPeso;costoDolar;iva;ganancia;precioVenta
LP2;AER PLATINUM MIST SPRAY 200;0;1099,9;0;21;0;2100
A112;ALTEX ALGODON 112;0;653;3,2;21;0;1700
A191;ALTEX ALGODON 191;0;653;3,2;21;0;1700
A291;ALTEX ALGODON 291;0;653;3,2;21;0;1700
A320;ALTEX ALGODON 320;0;653;3,2;21;0;1700
A349;ALTEX ALGODON 349;0;653;3,2;21;0;1700
A353;ALTEX ALGODON 353;0;653;3,2;21;0;1700
A916;ALTEX ALGODON 916;0;653;3,2;21;0;1700
A946;ALTEX ALGODON 946;0;653;3,2;21;0;1700
A802;ALTEX ALGODON NEGRO 802;0;653;3,2;21;0;1200
BC-DB1;BOBINA ;0;0;0;21;0;300
CH- 468;CARRETEL P/RECTA HIERRO;0;102;0,11;21;0;209
20160;CHAPA TRIPLE ARRASTRE INTERMEDIO ;0;1073;1,16;21;0;2077
CP801;CORONA POLIESTER BLANCO 801;0;1904;6,8;21;0;3000
CP802;CORONA POLIESTER NEGRO 802;0;2131;7,61;21;0;3200
S02643-001;CUCHILLA (BROTHER) S02643-001;0;0;0;21;0;800
ER801;EKONOMIKO ALGODON BLANCO 801;0;980;1,06;21;0;1186
KU15;ENFRIADOR DE AGUJA 3 HILOS LINEA F KU15;0;3498;3,18;21;0;7195
GA4-20;GUIA, RIBETEADOR Y DOBLADILLADOR DE RECTA A4 20mm;0;0;0;21;0;900
HR108;HALCON ALGODON 108;0;1740,31;2,06;21;0;2100
HR193;HALCON ALGODON 193;0;1740,31;2,06;21;0;2100
HR202;HALCON ALGODON 202;0;1740,31;2,06;21;0;2100
HR283;HALCON ALGODON 283;0;1740,31;2,06;21;0;2100
HR316;HALCON ALGODON 316;0;1740,31;2,06;21;0;2100
HR333;HALCON ALGODON 333;0;1740,31;2,06;21;0;2100
HR374;HALCON ALGODON 374;0;1740,31;2,06;21;0;2100
HR492;HALCON ALGODON 492;0;1740,31;2,06;21;0;2100
HR916;HALCON ALGODON 916;0;1740,31;2,06;21;0;2100
HP225;HALCON POLIESTER 225;0;6124,87;12,54;21;0;6900
2225X;IMAN PEQUEï¿½;0;140;0;21;0;250
TDOJ;JACK TOBOGAN DE DESCARGA OVERLOCK ;0;0;0;21;0;2300
L802;LANDI ALGODON NEGRO 802;0;0;0;21;0;800
P/2121/4DG;LH PRENSATELA 1/4  C/DOBLE GUIA ;0;9692;0;21;0;16476
SP181/16;LH PRENSATELA C/GUIA SP181/16;0;4442;5,6;21;0;7551
12435HN;LH PRENSATELA CIERRE 12435HN;0;2727;3,4;21;0;4636
31358HN;LH PRENSATELA CIERRE 31358HN;0;2727;3,4;21;0;4636
LP59;LP85 LUBRICANTE BLANCO x 100 cc;0;388;0,42;21;0;799
LP55;LP85 LUBRICANTE BLANCO x 2 LITRO;0;4088;4,42;21;0;7302
LED2499;LUCES LED C/30 LED C/IMAN Y REGULADOR ;0;1600;0;21;0;6900
SR-G28;LUCES LED C/30 LED C/IMAN Y REGULADOR SIRUBA ;0;1000;0;21;0;7800
LED2489;LUCES LED C/30 LED C/IMAN Y TACTIL;0;0;0;21;0;6700
TOUCH-G30;LUCES LED C/30 LED C/IMAN Y TACTIL SIRUBA;0;1800;0;21;0;11500
H-2;MINI CORTADORA DAPET MODELO H2;0;147400;134;21;0;178354
M878;MOTOR IND REGULA TENSION DEL MOTOR;0;167,47;0;21;0;800
OR801;OLITEX ALGODON BLANCO 801;0;450;17;21;0;1200
204702;PEGASUS CROCHET 3 Y 4 HILOS 204702;0;2460;2,66;21;0;4853
295;PINCEL DE OVERLOCK;0;60,5;0;21;0;600
4952;PIQUETE COLORES;0;150;0;21;0;1000
212182;PRENSATELA (M752-53/54A) 3 HILOS 212182 SIRUBA;0;1309,68;0;21;0;1800
P201A-A;PRENSATELA 4 HILOS P201A-A ORIG.;0;5532;5,98;21;0;10709
P1287;PRENSATELA C/RODILLO DE GOMA;0;2843,1;17,9;21;0;8000
P1290;PRENSATELA C/RODILLO DE METAL;0;1000;0;21;0;8000
12264;PRENSATELA C/RODILLO DENTADO 12264;0;1900;3,59;21;0;3230
SUSEIP363;PRENSATELA CIERRE CENTRO SUSEIP363;0;516,8;0;21;0;1000
SUSEIP50;PRENSATELA FRUNCIDORA SUSEIP50;0;1859;1,69;21;0;3824
CR1/16NC;PRENSATELA P/PESPUNTE CR1/16NC;0;0;0;21;0;300
SUSEICR1/32N;PRENSATELA P/PESPUNTE SUSEICR1/32N;0;3146;2,86;21;0;6471
TCR1/16N;PRENSATELA P/PESPUNTE TEFLON TCR1/16N;0;966,28;0;21;0;1700
TCR1/32N;PRENSATELA P/PESPUNTE TEFLON TCR1/32N;0;832,2;0;21;0;1700
MTI;PRENSATELA TEFLON MTI;0;182,36;0;21;0;300
PT11455;PRENSATELA TEFLON REPUESTO 3 HILOS ;0;5596;6,05;21;0;10157
MT-18B;PRENSATELA TEFLON REPUESTO MT-18B;0;80,47;0;21;0;300
T350B;PRENSATELA TEFLON REPUESTO T350B;0;48,3;0;21;0;100
T351B;PRENSATELA TEFLON REPUESTO T351B;0;276,5;0;21;0;200
T351;PRENSATELA TEFLON T351;0;748;0,68;21;0;1539
T36LN;PRENSATELA TEFLON ZURDO;0;104,86;0;21;0;700
SUSEIP36LN;PRENSATELA ZURDO CIERRE P36LN;0;1559,98;1,56;21;0;2700
Q640;QUITAMANCHAS;0;1000;0;21;0;2600
RR802;REALTEX ALGODON NEGRO 802;0;0;0;21;0;650
D-010-R;RESORTE DE BRAZO;0;1133;1,03;21;0;1813
RVS1;RETEN;0;0;0;21;0;1300
REY193;REY ALGODON 193;0;1679,58;3,05;21;0;1900
REY919;REY ALGODON 919;0;1679,58;3,05;21;0;1900
E229F374;SIRUBA CHAPA 4 HILOS E229 Y Uï¿½ï¿½ï¿½ï¿½ï¿½ï;0;0;0;21;0;4500
E3327;SIRUBA CHAPA COLLARETA E3327 6.4MM ORIGINAL;0;0;0;21;0;10000
KR35W;SIRUBA CUCHILLA FIJA KR35 WIDIA;0;731;0,79;21;0;1503
KR23W;SIRUBA CUCHILLA MOVIL KR23 WIDIA;0;1758;1,9;21;0;3403
KR22;SIRUBA EJE KR22;0;629;0,68;21;0;1256
KG09C;SIRUBA GUIA HILO KG09;0;1776;1,92;21;0;3438
P2445-364;SIRUBA PRENSATELA TAPACOSTURA P2445 364 ORIGINAL;0;3240;0;21;0;19670
KG03;SIRUBA RESORTE KG03;0;179,66;0;21;0;300
REYP919;REY POLIESTER 919;0,755;5661,81;12,11;21;0;6500
LT-18;ACEITERA PLASTICA LT-18 ;1;227,5;0;21;0;850
A158;ALTEX ALGODON 158;1;653;3,2;21;0;1700
A334;ALTEX ALGODON 334;1;653;3,2;21;0;1700
A366;ALTEX ALGODON 366;1;653;3,2;21;0;1700
A976;ALTEX ALGODON 976;1;653;3,2;21;0;1700
A980;ALTEX ALGODON 980;1;653;3,2;21;0;1700
B37C-28X12;AUREC DOBLE PASACINTO CRUZADO Nï¿½ï;1;22200;24;21;0;37607
B37C-32X14;AUREC DOBLE PASACINTO CRUZADO Nï¿½ï;1;22200;24;21;0;37607
B37-30X15;AUREC DOBLE PASACINTO Nï¿½ï;1;20350;22;21;0;34473
B65-25MM;AUREC ENVIVADOR DE OVERLOCK 25mm;1;25900;28;21;0;43875
B65-35MM;AUREC ENVIVADOR DE OVERLOCK 35mm;1;29600;32;21;0;50142
B65-45MM;AUREC ENVIVADOR DE OVERLOCK 45mm;1;29600;32;21;0;50142
B68-25x12;AUREC ENVIVADOR TAPACOSTURA Y TIRILLERA;1;14800;16;21;0;25071
B68-30x15;AUREC ENVIVADOR TAPACOSTURA Y TIRILLERA;1;16650;18;21;0;28205
B53-056X30;AUREC GUIA DE CINTURERA CURVO;1;166500;180;21;0;282051
B53-063X37;AUREC GUIA DE CINTURERA CURVO;1;166500;180;21;0;282051
B60-095x36;AUREC GUIA DE CINTURERA RECTO;1;92500;100;21;0;156695
B60-105x43;AUREC GUIA DE CINTURERA RECTO;1;92500;100;21;0;156695
B50-095x36;AUREC GUIA DE CINTURERA ROLLO;1;92500;100;21;0;156695
B50-100x40;AUREC GUIA DE CINTURERA ROLLO;1;92500;100;21;0;156695
B50-105x43;AUREC GUIA DE CINTURERA ROLLO;1;92500;100;21;0;156695
B50-110x45;AUREC GUIA DE CINTURERA ROLLO;1;92500;100;21;0;156695
B12-2-12x6;AUREC GUIA P/COLLARETA PASA ELASTICO Nï¿½ï¿½ï¿½ï¿;1;13412;14,5;21;0;22721
B12-2-14X7;AUREC GUIA P/COLLARETA PASA ELASTICO Nï¿½ï¿½ï¿½ï¿;1;13412;14,5;21;0;22721
B12-2-15X7.5;AUREC GUIA P/COLLARETA PASA ELASTICO Nï¿½ï¿½ï¿½ï¿;1;13412;14,5;21;0;22721
B12-2-16X8;AUREC GUIA P/COLLARETA PASA ELASTICO Nï¿½ï¿½ï¿½ï¿;1;13412;14,5;21;0;22721
B12-4-120X7;AUREC GUIA P/COLLARETA TAPACOSTURA Nï¿½ï¿½ï¿½ï¿½ï¿;1;14800;16;21;0;25071
B12-4-135X10;AUREC GUIA P/COLLARETA TAPACOSTURA Nï¿½ï¿½ï¿½ï¿½ï¿;1;14800;16;21;0;25071
B12-4-140X12;AUREC GUIA P/COLLARETA TAPACOSTURA Nï¿½ï¿½ï¿½ï¿½ï¿;1;14800;16;21;0;25071
VCL16P;BUJE DE METAL;1;46101;41,91;21;0;78372
DT6-B928-7;DIENTE DT6-B928-7;1;5208;0;21;0;10600
G68;DOBLADILLADOR GUIA CURVO DE 68mm;1;0;0;21;0;18000
KL93-5M;GUIA CARACOL 5MM;1;4191;3,81;21;0;6706
KL93-7MM;GUIA CARACOL 7MM;1;4191;3,81;21;0;6706
KL93-9MM;GUIA CARACOL 9MM;1;4191;3,81;21;0;6706
G110;GUIA CODO DE 110mm;1;0;0;21;0;15000
GA10-45;GUIA ENVIVADOR DE RECTA A10 45mm;1;8382;7,62;21;0;14249
GA10-50;GUIA ENVIVADOR DE RECTA A10 50mm;1;8382;7,62;21;0;14249
HR145;HALCON ALGODON 145;1;1740,31;2,06;21;0;2000
HR191;HALCON ALGODON 191;1;1740,31;2,06;21;0;2100
H23440;HALCON HILO GRUESO 440;1;2847,01;3,37;21;0;3700
1383103900;JACK PORTA CARRETEL ;1;0;0;21;0;7500
B1109555H0B;JUKI CHAPA DOBLE ARRASTRE B1109555H0B;1;0;0;21;0;6000
129-40508;JUKI CROCHET 129-40508;1;6985;6,35;21;0;11874
129-41407;JUKI CROCHET 129-41407;1;7271;6,61;21;0;12361
B1613555H00;JUKI DIENTE DOBLE ARRASTRE B1613555H00;1;0;0;21;0;6000
40102621;JUKI PRENSATELA 40102621;1;0;0;21;0;6500
14-431;KANSAI SPECIAL CHAPA CINTUR. 14-431 ;1;12563;0;21;0;20101
15-431;KANSAI SPECIAL DIENTE CINTUR. 15-431 ;1;11609;0;21;0;18574
12-429;KANSAI SPECIAL PORTA AGUJA CINTUR. 12-429;1;11825;0;21;0;18920
19-411;KANSAI SPECIAL PORTA CROCHET CINTUR. 19-411 ;1;10631;0;21;0;18073
17-431;KANSAI SPECIAL PRENSATELAS CINTUR. 17-431;1;27580;0;21;0;44128
CH2121/4L;LH CHAPA 1/4 LARGO;1;4748;0;21;0;8072
P/2121/4;LH PRENSATELA 1/4 C/GUIA ;1;6937;0;21;0;11793
SP18L1/16;LH PRENSATELA C/GUIA ZURDO SP18L1/16;1;4442;5,6;21;0;7551
P128;LH PRENSATELA JEAN P128;1;3943;4,9;21;0;6703
CL1/32E;LH PRENSATELA P/PESPUNTE ZURDO CL1/32E;1;4292;5,4;21;0;7296
12435HW;LH PRENSATELA ZURDO CIERRE 12435HW;1;2727;3,5;21;0;4636
13833042;PLACA    ;1;0;0;21;0;85000
P1417;POLEA 55;1;2350;2,54;21;0;4833
FPT3-3;PORTA CONO 3 HILOS FPT3-3;1;0;0;21;0;6740
P1837;PORTA CONO DE 3 HILOS;1;3903,2;6,97;21;0;7557
P1839;PORTA CONO DE 5 HILOS ;1;5359,2;9,57;21;0;10375
LT-32;PORTA ETIQUETA PLASTICA LT-32 35mm;1;0;0;21;0;1700
KT141;PRENSATELA C/BISAGRAS KT141;1;11000;11;21;0;19965
RS570R;PRENSATELA C/GUIA Y RODILLO 1/4;1;2918,75;0;21;0;6500
PC208955;PRENSATELA C/RODILLO 5 HILOS PESADO;1;12801,8;27,83;21;0;18740
P1267;PRENSATELA C/RODILLO METALICO P/CIERRE CENTRO;1;5500;6,18;21;0;9350
P1268;PRENSATELA C/RODILLO PLASTICO P/CIERRE CENTRO;1;5500;6,18;21;0;9350
U192K;PRENSATELA DOBLE ARRASTRE VIVO U192K-1/4;1;3247;3,51;21;0;6679
SUSEIP127;PRENSATELA JEAN SUSEIP127;1;2460;2,66;21;0;5061
S518NS;PRENSATELA P/CIERRE INVISIBLE S518NS;1;1669;0;21;0;2837
0957/16;PRENSATELA P/DOBLADILLO 11.1MM 7/16;1;497,95;0;21;0;4100
43/16;PRENSATELA P/DOBLADILLO 4.8MM 3/16;1;311,65;0;21;0;3400
P2886;PRENSATELA P/FRUNCIR ALTO 1/4;1;1375;0;21;0;5400
SUSEICR3/32E;PRENSATELA P/PESPUNTE SUSEICR3/32E;1;3146;2,86;21;0;6471
SUSEICL1/16N;PRENSATELA P/PESPUNTE ZURDO SUSEICR1/16N;1;3146;2,86;21;0;6471
P4494;PRENSATELA TAPACOSTURA C/GUIA 6,4MM P4494;1;1423,36;0;21;0;6300
P12473;PRENSATELA TAPACOSTURA C/GUIA Y RODILLO 6,4MM;1;1347,36;0;21;0;11530
T35B;PRENSATELA TEFLON REPUESTO T351B;1;48,3;0;21;0;100
T35;PRENSATELA TEFLON T35;1;152,95;0;21;0;600
DT6-B;PRENSATELAS P/BROTHER DT6-B;1;2490,18;0;21;0;3900
SPK-3;PRENSATELS C/RODILLO MENTALICO;1;5500;6,18;21;0;9350
PR5MINI;PROTECTOR DE TENSION 2200W PR5;1;9490;10,26;21;0;19522
PR10TDM;PROTECTOR DE TENSION RIEL DIN30 A ;1;2501,07;0;21;0;9000
R231983;REALTEX HILO GRUESO 1983;1;0;0;21;0;2800
RD;REGLA DIMANTE ;1;0;0;21;0;13000
RIB18;RIBETEADOR TRENCILLAR TRIPLE ARRASTRE Nï¿½;1;0;0;21;0;3000
RIB22;RIBETEADOR TRENCILLAR TRIPLE ARRASTRE Nï¿½;1;0;0;21;0;3500
D-017-R;RODILLO SUJETA TELA ;1;2398;2,18;21;0;3837
B-1103-038;SHUNFA CHAPA B-1103-038;1;473,11;0;21;0;1500
B-1603-380;SHUNFA DIENTE B-1603-380;1;466,15;0;21;0;1500
KN206;SIRUBA BIEL. TENSION HILO KN206;1;4764;5,15;21;0;8098
KS233;SIRUBA BUJE KS233;1;7520;8,13;21;0;14559
E226K;SIRUBA CHAPA 4 HILOS E226K ORIGINAL;1;3993;0;21;0;22350
E8104;SIRUBA CHAPA CINTUR. E8104;1;19666;21,26;21;0;38072
LP225;SIRUBA CROCHET 3 HILOS LP225 LINEA K ORIGINAL;1;5548;7,3;21;0;11412
H210K;SIRUBA DIENTE 4 HILOS H210K;1;6706;7,25;21;0;12578
D9104;SIRUBA DIENTE D9104 CINTURERA;1;17538;18,96;21;0;32893
HC15;SIRUBA GUIA AGUJA CINTUR. HC15;1;8464;9,15;21;0;15874
KG233;SIRUBA GUIA HILO KG233;1;108,42;0;21;0;400
HE07;SIRUBA PORTA CROCHET CINTUR. 4 AG. HE07 ORIGINAL;1;7852,42;0;21;0;16500
ME30;SIRUBA PORTA CROCHET ME30 ORIGINAL;1;1657,22;0;21;0;4000
KR209C;SIRUBA PORTA CUCHILLA INFER. KR209 K;1;10656;11,52;21;0;18115
KR209;SIRUBA PORTA CUCHILLA INFER. KR209 K ORIG.;1;12515;13,53;21;0;25744
KR26;SIRUBA PORTA CUCHILLA INFER. KR26 F ORIG.;1;10530;10,53;21;0;17901
KR206;SIRUBA PORTA CUCHILLA SUPER. KR206 K ORIG.;1;10665;11,53;21;0;18131
P2446-356;SIRUBA PRENSATELA TAPACOSTURA P2446 356 ORIGINAL;1;0;0;21;0;18670
KS213;SIRUBA RESORTE DE PIE KS213;1;800;1,95;21;0;1645
KS242;SIRUBA RESORTE KS242;1;38,72;0;21;0;100
MA-19;SIRUBA RESORTE MA-19 ORIGINAL;1;69,7;0;21;0;200
SK246;SIRUBA TORNILLO SK246 PORTA CUCH. SUP.;1;583;0,63;21;0;991
SK279;SIRUBA TORNILLO SK279;1;85,18;0;21;0;200
HFH-872;SUNSTAR CROCHET DE DOBLE AGUJA ;1;60218;65,1;21;0;78283
C10-18-TW;TAKING CROCHET METRA L C10-18;1;0;0;21;0;5000
C10-16-TW;TAKING CROCHET METRA S C10-16;1;0;0;21;0;5000
490-10;"TIJERA MUNDIAL SASTRE 490-10""";1;25310;25,31;21;0;43027
490-12;"TIJERA MUNDIAL SASTRE 490-12""";1;28400;28,4;21;0;48280
490-8;"TIJERA MUNDIAL SASTRE 490-8""";1;21680;21,68;21;0;36856
HP492;HALCON POLIESTER 492;1,175;6124,87;12,54;21;0;6900
HP360;HALCON POLIESTER 360;1,695;6124,87;12,54;21;0;6900
HP116;HALCON POLIESTER 116;1,825;6124,87;12,54;21;0;6900
2899;AGUJA TQx1 175x1  Nï¿½;2;1260;1,26;21;0;2016
A102;ALTEX ALGODON 102;2;653;3,2;21;0;1700
A365;ALTEX ALGODON 365;2;653;3,2;21;0;1700
A947;ALTEX ALGODON 947;2;653;3,2;21;0;1700
A971;ALTEX ALGODON 971;2;653;3,2;21;0;1700
B37-22X11;AUREC DOBLE PASACINTO Nï¿½;2;20350;22;21;0;34473
B4-04;AUREC GUIA CARACOL;2;6068;6,56;21;0;10279
B4-06;AUREC GUIA CARACOL;2;6012;6,5;21;0;11640
B4-08;AUREC GUIA CARACOL;2;6012;6,5;21;0;10185
B4-10;AUREC GUIA CARACOL;2;6012;6,5;21;0;10185
B53-070x44;AUREC GUIA DE CINTURERA CURVO;2;166500;180;21;0;282051
B12-2-20X10;AUREC GUIA P/COLLARETA PASA ELASTICO Nï¿½ï¿½ï¿½ï¿;2;13412;14,5;21;0;22721
B12-4-100X40;AUREC GUIA P/MAQ. COLLARETA Nï¿½ï¿½ï¿½ï¿½ï¿½ï¿½;2;22200;24;21;0;37607
B12-4-055X20;AUREC GUIA P/MAQ. COLLARETA Nï¿½ï¿½ï¿½ï¿½ï¿½ï¿;2;12950;14;21;0;21937
B12-4-060X23;AUREC GUIA P/MAQ. COLLARETA Nï¿½ï¿½ï¿½ï¿½ï¿½ï¿;2;15262;16,5;21;0;25855
B12-4-070X27;AUREC GUIA P/MAQ. COLLARETA Nï¿½ï¿½ï¿½ï¿½ï¿½ï¿;2;17575;19;21;0;29772
B12-4-080X32;AUREC GUIA P/MAQ. COLLARETA Nï¿½ï¿½ï¿½ï¿½ï¿½ï¿;2;17575;19;21;0;29772
B12-4-090X36;AUREC GUIA P/MAQ. COLLARETA Nï¿½ï¿½ï¿½ï¿½ï¿½ï¿;2;19425;21;21;0;32906
A72-08;AUREC GUIA P/RUEDO MAQ. RECTA ;2;12950;14;21;0;21937
A72-12;AUREC GUIA P/RUEDO MAQ. RECTA ;2;12950;14;21;0;21937
A72-14;AUREC GUIA P/RUEDO MAQ. RECTA ;2;12950;14;21;0;21937
A72-16;AUREC GUIA P/RUEDO MAQ. RECTA ;2;12950;14;21;0;21937
A72-18;AUREC GUIA P/RUEDO MAQ. RECTA ;2;16650;18;21;0;28205
A72-20;AUREC GUIA P/RUEDO MAQ. RECTA ;2;16650;18;21;0;28205
A72-22;AUREC GUIA P/RUEDO MAQ. RECTA ;2;16650;18;21;0;28205
A4-14;AUREC RIBETEADOR P/MAQ. RECTA 14mm;2;7862;8,5;21;0;13319
A4-16;AUREC RIBETEADOR P/MAQ. RECTA 16mm;2;7862;8,5;21;0;13319
A4-18;AUREC RIBETEADOR P/MAQ. RECTA 18mm;2;7862;8,5;21;0;13319
B30-21/4M;AUREC SOBRE CARGADOR P/MAQUINA 231-261;2;18500;20;21;0;31339
B30-31/4MH;AUREC SOBRE CARGADOR P/MAQUINA 231-261;2;18500;20;21;0;31339
B30-41/4H;AUREC SOBRE CARGADOR P/MAQUINA 231-261;2;18500;20;21;0;31339
B2652;BARRA DE AGUJA P/TRIPLE Y DOBLE ARRASTRE;2;6227;5,66;21;0;12809
CAT9021;CABLE DE ATRAQUE Y TERMINAL;2;0;0;21;0;1100
DT6-B926;CHAPA AGUJA DT6-926;2;3410,4;0;21;0;7000
D-039-C;COJINETE DERECHO CORTA COLLARETA DAPET;2;1276;1,16;21;0;2042
D-038-C;COJINETE IZQUIERDO CORTA COLLARETA DAPET;2;1276;1,16;21;0;2042
D5;CROCRET D5;2;503,72;0;21;0;2400
D9;CROCRET D9;2;592,9;0;21;0;2400
SF801A;CUCHILLA CORTA COLLARETA SHUNFA IMPORTADA;2;3146;0;21;0;85730
MGS1;CUCHILLA OJAL MGS 1;2;324;0,35;21;0;646
C10T;"DAPET CUCHILLA DE 10"" TEFLON";2;25432;23,12;21;0;25432
12481R;DIENTE DOBLE ARRASTRE TEFLON LIVIANA;2;1156;1,25;21;0;2238
149057R;DIENTE TRIPLE ARRASTRE TEFLON LIVIANA;2;1156;1,25;21;0;2238
G70;DOBLADILLADOR GUIA CURVO DE 70mm;2;0;0;21;0;18000
D-025-E;EJE INFERIOR CORTA COLLARETA DAPET;2;1265;1,15;21;0;2449
D-035-E;EJE SUPERIOR CORTA COLLARETA DAPET;2;1265;1,15;21;0;2024
KU14;ENFRIADOR DE AGUJA 5 HILOS LINEA F KU14;2;3498;3,18;21;0;7195
PX10TDM;ESTABILIZADOR DE TENSION PX10;2;3292,41;0;21;0;29200
G3458;GUIA DE COLLARETA ;2;3800;4,27;21;0;6460
GA10-22;GUIA ENVIVADOR DE RECTA A10 22mm;2;8382;7,62;21;0;14249
GA10-26;GUIA ENVIVADOR DE RECTA A10 26mm;2;8382;7,62;21;0;14249
GA10-34;GUIA ENVIVADOR DE RECTA A10 34mm;2;8382;7,62;21;0;14249
GA10-38;GUIA ENVIVADOR DE RECTA A10 38mm;2;8382;7,62;21;0;14249
GJC1035;GUIA JUEGO COMPLETO 1/2 (4 PIEZAS);2;0;0;21;0;16570
A11-10;GUIA PARA RUEDO A11 10MM;2;2570;2,57;21;0;4369
A11-6;GUIA PARA RUEDO A11 6MM;2;2570;2,57;21;0;4369
A11-8;GUIA PARA RUEDO A11 8MM;2;2570;2,57;21;0;4369
KU220-4;GUIA REBATIBLE OVERLOCK KU220-4;2;12705,8;14,04;21;0;21600
K601;GUIA REGULABLE P/PRENSATELA K601;2;420,75;0;21;0;1000
HR114;HALCON ALGODON 114;2;1740,31;2,06;21;0;2100
HR167;HALCON ALGODON 167;2;1740,31;2,06;21;0;2100
HR273;HALCON ALGODON 273;2;1740,31;2,06;21;0;2100
HR286;HALCON ALGODON 286;2;1740,31;2,06;21;0;2100
HR319;HALCON ALGODON 319;2;1740,31;2,06;21;0;2100
HLA;HILO ELASTICO;2;0;0;21;0;2500
LEDE15;LAMPARA LED GRANDE E15;2;2063;2,23;21;0;3649
SP181/4;LH PRENSATELA C/GUIA SP181/4;2;5192;6,6;21;0;8826
SP181/8;LH PRENSATELA C/GUIA SP181/8;2;4705;5,9;21;0;7999
CR1/16N;LH PRENSATELA P/PESPUNTE CR1/16N;2;4055;5,2;21;0;6894
CL1/2E;LH PRENSATELA P/PESPUNTE ZURDO CL1/2E;2;5481;7;21;0;9318
LP51;LP85 LUBRICANTE BLANCO x 5 LITROS;2;9287;10,04;21;0;19103
OR802;OLITEX ALGODON NEGRO 802;2;560;17;21;0;1300
BI8912;PEGASUS BUJE INFERIOR DE BARRA AGUJA ;2;258;0;21;0;500
350218;PEGASUS CUCHILLA W664;2;711,48;0;21;0;1700
253548B;PEGASUS TENSION DE BORDADOR 253548B;2;7835;8,47;21;0;9480
P8203;PISTOLA ETIQUETADORA MANUAL D&TB 501;2;2011,5;7,45;21;0;3400
M9112;PORTA AGUJA MULTIAGUJA M9112;2;18074;19,54;21;0;34992
EBE170;PORTA CONO DE 3 HILOS CON GUIA;2;0;0;21;0;14450
P5252;PORTA CONO DE 3 HILOS CON GUIA;2;2541;0;21;0;10950
FPST8-8;PORTA CONO DE 8 HILOS CINTURERA;2;4319,7;0;21;0;16760
F-25;PORTA ETIQUETA PLASTICA FINA F 25mm;2;2943;10,9;21;0;5000
P202A-K;PRENSATELA 5 HILOS P202A-K;2;2940;6,05;21;0;9500
P504J-A-K;PRENSATELA 5 HILOS P504J-A-K;2;4941,34;0;21;0;9500
SP183/16R;PRENSATELA C/GUIA TEFLON SP183/16;2;2076;0;21;0;6500
P1291;PRENSATELA C/RODILLO DE METAL CIERRE;2;1000;0;21;0;8000
P1114;PRENSATELA COLLARETA PEGASUS 257301 6.4mm;2;15346;16,59;21;0;29709
P1109;PRENSATELA COLLARETA PEGASUS 257321 5.6mm;2;5272;5,7;21;0;10527
P1110;PRENSATELA COLLARETA PEGASUS 257321 6.4mm;2;5272;5,7;21;0;10527
U192;PRENSATELA DOBLE ARRASTRE PLANO U192;2;4559,95;4,56;21;0;7750
P5;PRENSATELA FRUNCIDORA SUSEIP5;2;1859;1,69;21;0;3824
P2884;PRENSATELA P/FRUNCIR ALTO 1/2;2;1375;0;21;0;5400
SUSEICR1/16E;PRENSATELA P/PESPUNTE SUSEICR1/16E;2;2915;2,65;21;0;5996
240148;PRENSATELA TRIPLE ARRASTRE 240148;2;3931;4,25;21;0;7611
240149;PRENSATELA TRIPLE ARRASTRE 240149;2;3931;4,25;21;0;7611
110-47107;RECTA JUKI GOMA DE CARTER  110-47107;2;213;0,23;21;0;438
KS44P;RESORTE DE PRENSATELAS PESADO KS44;2;35,96;0;21;0;200
REY291;REY ALGODON 291;2;1679,58;3,05;21;0;1900
D-043-R;RODILLO ENGOMADO CORTO;2;3179;2,89;21;0;5086
D-029-R;RODILLO ENGOMADO LARGO PORTA CUCHILLA;2;5162;5,58;21;0;8258
KJ01J;SIRUBA BIELA COMPLETA KJ01J ORIGINAL;2;15860;15,86;21;0;26962
KS230;SIRUBA BIELA TORINILLO KS230 ORIGINAL;2;185,86;0;21;0;750
KG21;SIRUBA BUJE KG21 ORIGINAL;2;181,5;0;21;0;400
E0227;SIRUBA CHAPA  PEGAELAST. E0227;2;4491,52;0;21;0;9500
E207;SIRUBA CHAPA 3 HILOS E207 LINEA K;2;7622;8,24;21;0;15678
E232C;SIRUBA CHAPA 3 HILOS E232  BK LINEA L;2;6170;6,67;21;0;11945
E226;SIRUBA CHAPA 4 HILOS E226;2;6475;7;21;0;12927
E1827;SIRUBA CHAPA TAPACOS. E1827 6.4mm ORIGINAL;2;4200;0;21;0;13000
LP26;SIRUBA CROCHET 3, 4 Y 5 HILOS LP26 ORIGINAL;2;2416;0;21;0;8790
HE22;SIRUBA CROCHET CINTUR. HE22 ORIGINAL;2;3006;3,25;21;0;6184
KM04;SIRUBA CROCHET KM04 ORIGINAL;2;2796;0;21;0;6555
MH41;SIRUBA CROCHET MH41 F007 C007 ORIGINAL;2;855,77;0;21;0;9860
KG09;SIRUBA GUIA HILO KG09 ORIGINAL;2;3904;4,22;21;0;7793
KG236;SIRUBA GUIA HILO KG236;2;309,76;0;21;0;1000
M8104;SIRUBA PORTA AGUJA CINTUR. M8104;2;12219;13,21;21;0;24396
M5364;SIRUBA PORTA AGUJA COLLARETA M5364 6.4MM ORIGNAL;2;2942,72;0;21;0;16000
KL211;SIRUBA PORTA CROCHET KL211;2;1568,16;0;21;0;3800
P8104;SIRUBA PRENSATELAS CINTUR. P8104;2;31358;33,9;21;0;56914
KG19;SIRUBA RESORTE KG19 ORIGINAL;2;148;0,16;21;0;304
KQ12;SIRUBA RODAMIENTO KQ12;2;3170;3,17;21;0;5389
KG17;SIRUBA SOPORTE HILO KG17 ORIGINAL;2;217,8;0;21;0;400
KG18;SIRUBA SOPORTE HILO KG18 ORIGINAL;2;399,3;0;21;0;700
KJ210;SIRUBA SOPORTE KJ210 ORIGINAL;2;6272;6,78;21;0;11762
MG37;SIRUBA TENSION DE BORDADOR MG37 ORIGINAL;2;7835;8,47;21;0;15168
SK531;SIRUBA TORNILLO SK531;2;598;0;21;0;1000
SM612;SIRUBA TORNILLO SM612;2;770;0,77;21;0;1309
11383001300;SOLENOIDE  ;2;33600;120;21;0;33600
KXY10E;TOBOGAN DE DESCARGA OVERLOCK;2;3870,05;0;21;0;6580
D-057-T;TUBO SOPORTE DE TELA CORTA COLLARETA DAPET;2;2222;2,02;21;0;3555
643C1-43;VAINA DE CUCHILLA;2;24513;26,5;21;0;39220
V7622;VARILLA DE METAL;2;0;0;21;0;2100
V7623;VARILLA DE METAL GARFIO;2;0;0;21;0;1700
HP925;HALCON POLIESTER 925;2,045;6124,87;12,54;21;0;6900
HP918;HALCON POLIESTER 918;2,075;6124,87;12,54;21;0;6900
HP430;HALCON POLIESTER 430;2,485;6124,87;12,54;21;0;6900
REYP924;REY POLIESTER 924;2,51;5661,81;12,11;21;0;6500
REYP937;REY POLIESTER 937;2,57;5661,81;12,11;21;0;6500
REYP203;REY POLIESTER 203;2,915;5661,81;12,11;21;0;6500
A322;ALTEX ALGODON 322;3;653;3,2;21;0;1700
A326;ALTEX ALGODON 326;3;653;3,2;21;0;1700
B37-20X10;AUREC DOBLE PASACINTO Nï¿½;3;20350;22;21;0;34473
B37-24X12;AUREC DOBLE PASACINTO Nï¿½;3;20350;22;21;0;34473
B70-3-20X10;AUREC EQUIPO DE 3 TIRAS Nï¿½ï;3;33300;36;21;0;56410
B12-4-125X7;AUREC GUIA P/COLLARETA TAPACOSTURA Nï¿½ï¿½ï¿½ï¿½ï¿;3;14800;16;21;0;25071
B12-4-130X9;AUREC GUIA P/COLLARETA TAPACOSTURA Nï¿½ï¿½ï¿½ï¿½ï¿;3;14800;16;21;0;25071
B12-3-030X11;AUREC GUIA P/MAQ. COLLARETA Nï¿½ï¿½ï¿½ï¿½ï¿½ï¿;3;18500;20;21;0;31339
B12-3-040X16;AUREC GUIA P/MAQ. COLLARETA Nï¿½ï¿½ï¿½ï¿½ï¿½ï¿;3;18500;20;21;0;31339
B12-4-040X12;AUREC GUIA P/MAQ. COLLARETA Nï¿½ï¿½ï¿½ï¿½ï¿½ï¿;3;12950;14;21;0;21937
B12-4-045X14;AUREC GUIA P/MAQ. COLLARETA Nï¿½ï¿½ï¿½ï¿½ï¿½ï¿;3;12950;14;21;0;21937
B12-4-050X17;AUREC GUIA P/MAQ. COLLARETA Nï¿½ï¿½ï¿½ï¿½ï¿½ï¿;3;12950;14;21;0;21937
B13;AUREC GUIA P/RUEDO COLLARETA;3;12025;13;21;0;20370
A72-10;AUREC GUIA P/RUEDO MAQ. RECTA ;3;12950;14;21;0;21937
B13-A;AUREC GUIA P/RUEDO TAPA COSTURA;3;12025;13;21;0;20370
A4-22;AUREC RIBETEADOR P/MAQ. RECTA 22mm;3;7862;8,5;21;0;13319
A4-24;AUREC RIBETEADOR P/MAQ. RECTA 24mm;3;9250;10;21;0;15669
B30-11/4L;AUREC SOBRE CARGADOR P/MAQUINA 231-261;3;18500;20;21;0;31339
B30-51/4SH;AUREC SOBRE CARGADOR P/MAQUINA 231-261;3;18500;20;21;0;31339
B8822;BARRA DE PRENSATELAS (DN-260/275);3;614,46;0;21;0;1600
143169;CHAPA TRIPLE ARRASTRE PESADA;3;1073;1,16;21;0;2077
C25UF;CONDENSADOR 25 UF;3;5170;4,7;21;0;8789
D4;CROCRET D4 ;3;503,72;0;21;0;2400
D8;CROCRET D8;3;592,9;0;21;0;2400
C8;"DAPET CUCHILLA DE 8"" ";3;13167;11,97;21;0;21067
D8204;DESTORNILLADOR MEDIANO 401;3;426,6;2,7;21;0;1300
149165;DIENTE TRIPLE ARRASTRE PESADO;3;1073;1,16;21;0;2077
87C3-53;ENGRANAJE Y EJE;3;2585;2,35;21;0;4136
PX20TDM;ESTABILIZADOR DE TENSION PX20;3;3292,41;0;21;0;33600
GA10-16;GUIA ENVIVADOR DE RECTA A10 16mm;3;8382;7,62;21;0;14249
GA10-18;GUIA ENVIVADOR DE RECTA A10 18mm;3;8382;7,62;21;0;14249
GA10-20;GUIA ENVIVADOR DE RECTA A10 20mm;3;8382;7,62;21;0;14249
GA10-40;GUIA ENVIVADOR DE RECTA A10 40mm;3;8382;7,62;21;0;14249
G4134;GUIA P/TENSION DE ELASTICO S28;3;581,9;0;21;0;2300
HR127;HALCON ALGODON 127;3;1740,31;2,06;21;0;2100
HR198;HALCON ALGODON 198;3;1740,31;2,06;21;0;2100
HR235;HALCON ALGODON 235;3;1740,31;2,06;21;0;2100
HR493;HALCON ALGODON 493;3;1740,31;2,06;21;0;2100
H75313;HALCON HILO DELGADO 313;3;2847,01;3,37;21;0;3700
11888104;JUKI CROCHET 11888104;3;0;0;21;0;1400
11888401;JUKI CROCHET 11888401;3;0;0;21;0;1500
R153673;JUKI RETEN DE VOLANTE;3;0;0;21;0;600
15-811;KANSAI SPECIAL DIENTE COLLARETA 15-811;3;5960;0;21;0;9536
15-812;KANSAI SPECIAL DIENTE COLLARETA 15-812;3;6870;0;21;0;10992
D2121/4;LH DIENTE 1/4;3;3971;0;21;0;6751
SP18L1/32;LH PRENSATELA C/GUIA ZURDO SP18L1/32;3;4442;5,6;21;0;7551
P50;LH PRENSATELA FRUNCIDORA P50;3;2191;2,54;21;0;3725
CR1/2E;LH PRENSATELA P/PESPUNTE CR1/2E;3;5481;7;21;0;9318
CR1/8E;LH PRENSATELA P/PESPUNTE CR1/8E;3;4292;5,5;21;0;7296
CR3/8E;LH PRENSATELA P/PESPUNTE CR3/8E;3;5481;7;21;0;9318
CL1/32N;LH PRENSATELA P/PESPUNTE ZURDO CL1/32N;3;4055;5,3;21;0;6894
202546E;PEGASUS CHAPA 3 HILOS 202546E;3;4893;5,29;21;0;9473
259632B64;PEGASUS CHAPA COLLARETA 259632B64 6.4mm;3;9583;10,36;21;0;18553
204062;PEGASUS CROCHET 3 Y 5 HILOS 204062;3;2238;2,42;21;0;4469
204963;PEGASUS CROCHET 5 HILOS 204963;3;2238;2,42;21;0;4469
P1411;POLEA 110;3;2821;3,05;21;0;5803
P1419;POLEA 60;3;2350;2,54;21;0;4833
602C1-9;POLEA DE EMBREAGUE;3;2640;2,4;21;0;4224
712C1;POLEA TRASERA IZQUIERDA AFILADOR;3;0;0;21;0;395
P/212W1/4;PRENSATELA 1/4 CON GUIA;3;0;0;21;0;5680
P12541;PRENSATELA 3 HILOS P/ELASTICO P101-F371 ;3;2294;4,84;21;0;4441
P504E;PRENSATELA 5 HILOS LIVIANA;3;5532;5,98;21;0;10709
SUSEIP36L;PRENSATELA CIERRE IZQUIERDA SUSEIP36L;3;1258;1,36;21;0;2588
P2119;PRENSATELA COLLARETA 5,6MM ;3;7048;7,62;21;0;13646
U192T/U193T;PRENSATELA DOBLE ARRASTRE PLANO U192T/U193T;3;4559,95;4,56;21;0;7750
SUSEIP952;PRENSATELA FRUNCIDORA REGULABLE SUSEIP952;3;1536;1,66;21;0;3159
P127L;PRENSATELA P/ELASTICO P127L;3;836;0;21;0;4570
S10A;PRENSATELA P/ENCAJE PLANO AJUSTABLE S10A;3;5770;5,77;21;0;8655
P2889;PRENSATELA P/FRUNCIR BAJO 1/2;3;1375;0;21;0;5400
P2891;PRENSATELA P/FRUNCIR BAJO 1/4;3;1375;0;21;0;5400
SUSEIS537-4;PRENSATELA P/FRUNCIR ELASTICO 1/4 S537;3;3611;0;21;0;7100
SUSEICL1/16E;PRENSATELA P/PESPUNTE ZURDO SUSEICR1/16E;3;3146;2,86;21;0;6471
SUSEICL1/32N;PRENSATELA P/PESPUNTE ZURDO SUSEICR1/32N;3;3146;2,86;21;0;6471
PT11457;PRENSATELA TEFLON 5 HILOS;3;5661;6,12;21;0;10960
PT11456;PRENSATELA TEFLON REPUESTO 4 HILOS;3;2898,84;6,05;21;0;4300
REY122;REY ALGODON 122;3;1679,58;3,05;21;0;1900
REY203;REY ALGODON 203;3;1679,58;3,05;21;0;1900
REY270;REY ALGODON 270;3;1679,58;3,05;21;0;1900
REY348;REY ALGODON 348;3;1679,58;3,05;21;0;1900
OR12A;SIRUBA ANILLO GOMA OR12A;3;177,92;0;21;0;400
OR12C;SIRUBA ANILLO GOMA OR12C;3;61,44;0;21;0;150
KQ35;SIRUBA ARANDELA KQ35;3;510;0,51;21;0;867
E589F;SIRUBA CHAPA 3 HILOS E589F BK;3;6160;6,66;21;0;11927
E920;SIRUBA CHAPA 4 HILOS E920 LINEA F;3;4634;5,01;21;0;9533
E1826;SIRUBA CHAPA TAPACOS. E1826 5.6mm ORIGINAL;3;4200;0;21;0;13000
KL35;SIRUBA CROCHET 3 Y 4 HILOS KL35 LINEA K ORIGINAL;3;2680;0;21;0;6325
KS234;SIRUBA DESLIZADOR KS234;3;3774;4,08;21;0;7763
VF19P;SIRUBA GUIA HILO CINTUR. VF19P;3;1832;1,98;21;0;3546
KG213C;SIRUBA GUIA HILO KG213;3;394,94;0;21;0;1500
KG221K;SIRUBA PALANCA TIRA HILO KG221K;3;432,88;0;21;0;1100
SM681;SIRUBA PERNO ELEVADOR SM681;3;193,28;0;21;0;650
M4364;SIRUBA PORTA AGUJA COLLARETA M4356 6.4MM;3;4255;4,6;21;0;7233
ME70C;SIRUBA PORTA CROCHET ME70;3;9053;8,23;21;0;15390
FQ03;SIRUBA SOPORTE DE LA GUIA ;3;1563;1,69;21;0;3216
KR210;SIRUBA TRABA CUCHILLA INF KR210;3;801,8;0;21;0;1400
LM20-E;SOPORTE RODILLERA CON TORNILLOS MACIZO LM20-E;3;103;0;21;0;1800
FQ01E;TAPA FRONTAL COLLARETA ;3;0;0;21;0;2830
490-9;"TIJERA MUNDIAL SASTRE 490-9""";3;22760;22,76;21;0;38692
TZZ1688;TIJERA ZIG ZAG;3;1573;0;21;0;2100
HP385;HALCON POLIESTER 385;3,125;6124,87;12,54;21;0;6900
HP921;HALCON POLIESTER 921;3,24;6124,87;12,54;21;0;6900
AP637;ALTEX POLIESTER 637;3,345;3040;17;21;0;5800
HP167;HALCON POLIESTER 167;3,36;6124,87;12,54;21;0;6900
HP361;HALCON POLIESTER 361;3,5;6124,87;12,54;21;0;6900
HP471;HALCON POLIESTER 471;3,535;6124,87;12,54;21;0;6900
HP155;HALCON POLIESTER 155;3,6;6124,87;12,54;21;0;6900
HP213;HALCON POLIESTER 213;3,845;6124,87;12,54;21;0;6900
HP926;HALCON POLIESTER 926;3,855;6124,87;12,54;21;0;6900
HP901;HALCON POLIESTER 901;3,87;6124,87;12,54;21;0;6900
HP931;HALCON POLIESTER 931;3,965;6124,87;12,54;21;0;6900
L112ES;ACEITE PENETRANTE AFLOJATODO LIQUIND WRENCH;4;0;0;21;0;1100
A10773;AJUSTE DE PRENSATELAS;4;115;0;21;0;300
A403;ALTEX ALGODON 403;4;653;3,2;21;0;1700
B65-30MM;AUREC ENVIVADOR DE OVERLOCK 30mm;4;25900;28;21;0;43875
B12-3-025X9;AUREC GUIA P/MAQ. COLLARETA Nï¿½ï¿½ï¿½ï¿½ï¿½ï¿;4;18500;20;21;0;31339
B12-3-035X14;AUREC GUIA P/MAQ. COLLARETA Nï¿½ï¿½ï¿½ï¿½ï¿½ï¿;4;18500;20;21;0;31339
C10UF;CONDENSADOR 10 UF;4;2414;2,61;21;0;4966
C10781;CONEXION DE PORTA DIENTE;4;738,3;0;21;0;2000
4329;CORREA BROTHER-V BELT INDUSTRIAL Nï¿½;4;2519;2,29;21;0;4282
C9245;CROCHET DE RECTA PESADA;4;2688;0;21;0;15620
D-032-C;CUCHILLA CORTA COLLARETA DAPET;4;14985;16,2;21;0;29011
C2345;CUCHILLA CORTA EXTREMOS DAPET;4;14641;13,31;21;0;14641
KG59;GUARDA AGUJA MOVIBLE KG59;4;1008;1,09;21;0;1714
GA10-28;GUIA ENVIVADOR DE RECTA A10 28mm;4;8382;7,62;21;0;14249
GA10-32;GUIA ENVIVADOR DE RECTA A10 32mm;4;7619,92;7,62;21;0;14249
GA10-36;GUIA ENVIVADOR DE RECTA A10 36mm;4;8382;7,62;21;0;14249
H75898;HALCON HILO DELGADO 898;4;2847,01;3,37;21;0;3700
H75901;HALCON HILO DELGADO 901;4;2847,01;3,37;21;0;3700
H75905;HALCON HILO DELGADO 905;4;2847,01;3,37;21;0;3700
S02645-001;JACK CUCHILLA DE CORTA HILO MOVIL S02645-001;4;838,37;0;21;0;11730
B2424-280;JUKI CUCHILLA FIJA B2424-280;4;2794;2,54;21;0;2794
14-866C;KANSAI SPECIAL CHAPA COLLARETA 14-866B  6.4mm ;4;480,06;0;21;0;3500
LEDE14;LAMPARA LED MEDIANA E14;4;2386;2,58;21;0;4187
PA2121/4;LH PORTA AGUJA 1/4;4;4462;0;21;0;6889
P/2121/4A;LH PRENSATELA 1/4 FINO ;4;5021;6,3;21;0;8536
SP183/32;LH PRENSATELA C/GUIA SP183/32;4;4442;5,6;21;0;7551
SP18L3/32;LH PRENSATELA C/GUIA ZURDO SP18L3/32;4;4442;5,6;21;0;7551
CR1/4E;LH PRENSATELA P/PESPUNTE CR1/4E;4;4999;6,45;21;0;8248
CL1/16E;LH PRENSATELA P/PESPUNTE ZURDO CL1/16E;4;4292;5,4;21;0;7296
CL3/32E;LH PRENSATELA P/PESPUNTE ZURDO CL3/32E;4;4292;5,4;21;0;7296
LED2473;LUCES LED AOM-12U;4;12210;13,2;21;0;21422
202618;PEGASUS CHAPA 3 HILOS 202618;4;4893;5,29;21;0;9473
202295;PEGASUS CUCHILLA FIJA 202295 B;4;546;0,59;21;0;1057
209009;PEGASUS GUARDA AGUJA MOVIBLE M700 209009;4;2007;2,17;21;0;4105
257551;PEGASUS GUARDA AGUJA TRASERO COLLARETA 257551;4;1007,82;0;21;0;2300
P1410;POLEA 105;4;2821;3,05;21;0;5803
KG231-E;PORTA AGUJA 3 HILOS KG231E LINEA F;4;2442;2,64;21;0;4875
129-56256;PORTA AGUJA METRA 129-56256;4;4912,6;0;21;0;9500
61/4;PRENSATELA  P/DOBLADILLO 6.4MM 1/4;4;458;0;21;0;2300
93/8;PRENSATELA  P/DOBLADILLO 9.5MM 3/8;4;458;0;21;0;2300
H6010;PRENSATELA  P/DOBLADILLO CARACOL 1/4;4;3689,8;0;21;0;7590
P12542;PRENSATELA 4 HILOS P/ELASTICO P101-F374 ;4;4477;4,84;21;0;8667
SP181/4R;PRENSATELA C/GUIA TEFLON SP181/4;4;2200,9;0;21;0;6700
MAIKECL1/8;PRENSATELA P/PESPUNTE ZURDO MAIKECL1/8;4;342,7;0;21;0;800
MAIKECL3/16;PRENSATELA P/PESPUNTE ZURDO MAIKECL3/16;4;3146;2,86;21;0;6091
NR31S;PRENSATELA PESPUNTE P/ELASTICO SUSEI NR31S;4;1990;1,99;21;0;3383
T747K;PRENSATELA TEFLON T747K 4 HILOS;4;5661;6,12;21;0;10960
P723;PRENSATELAS CON GUIA P723;4;311,65;0;21;0;1300
G9234;PRENSATELAS TIPO PULPO P/RECTA;4;6500;7,7;21;0;12108
S1566;RECTA JUKI SOMBRERITO PLASTICO 110.24034;4;68;0,18;21;0;700
D-008-R;RESORTE CORTA COLLARETA;4;605;0,55;21;0;968
MH72;RESORTE MH72;4;149,7;0;21;0;290
REY401;REY ALGODON 401;4;1679,58;3,05;21;0;1900
REY452;REY ALGODON 452;4;1679,58;3,05;21;0;1900
SI55;SILICONA INDUSTRIAL PURA x 500 cc;4;5883;6,36;21;0;10468
KQ11;SIRUBA BLOCK DESLIZANTE KQ11;4;10790;10,79;21;0;18343
E232;SIRUBA CHAPA 3 HILOS E232 BK LINEA L ORIGINAL;4;1321,92;0;21;0;11000
E919;SIRUBA CHAPA 4 HILOS E919;4;4634;5,01;21;0;9252
MK13;SIRUBA CHAPA TENSION HILO MK13-K ORIGINAL;4;1710;1,71;21;0;2907
KL202;SIRUBA CROCHET 3, 4 Y 5 HILOS KL202 LINEA K ORIGIN;4;13020;13,02;21;0;19530
LP226;SIRUBA CROCHET 4 Y 5  HILOS LP226 LINEA K ORIGINAL;4;12180;12,18;21;0;18270
HE21;SIRUBA CROCHET CINTUR. HE21 ORIGINAL;4;2969;3,21;21;0;6108
VE51;SIRUBA CROCHET CINTUR. VE51;4;2813,25;0;21;0;4900
KQ14;SIRUBA DADO PORTA DIENTE KQ14;4;4570;4,57;21;0;7769
KG472;SIRUBA GUARDA AGUJA FRONTAL 4 HILOS KG472 LINEA F;4;156,8;0;21;0;400
KG92;SIRUBA GUIA HILO KG92 ORIGINAL;4;1612,11;0;21;0;2100
MH43;SIRUBA PORTA CROCHET MH43 ORIGINAL;4;1246,78;0;21;0;4900
KX10E;TOBOGAN DE DESCARGA OVERLOCK;4;3870,05;0;21;0;5806
103C-45;TORNILLO ANCLAJE;4;0;0;21;0;105
D-006-T;TORNILLO D-006-T;4;660;0,6;21;0;1056
D-007-T;TUERCA D-007-T;4;495;0,45;21;0;792
743C1-28 ;ZAPATA DERECHA DE AFILADOR;4;0;0;21;0;330
743C1-29 ;ZAPATA IZQUIERDA DE AFILADOR;4;0;0;21;0;330
HP349;HALCON POLIESTER 349;4,03;6124,87;12,54;21;0;6900
HP898;HALCON POLIESTER 898;4,23;6124,87;12,54;21;0;6900
HP275;HALCON POLIESTER 275;4,255;6124,87;12,54;21;0;6900
HP303;HALCON POLIESTER 303;4,315;6124,87;12,54;21;0;6900
HP313;HALCON POLIESTER 313;4,32;6124,87;12,54;21;0;6900
HP908;HALCON POLIESTER 908;4,345;6124,87;12,54;21;0;6900
HP374;HALCON POLIESTER 374;4,4;6124,87;12,54;21;0;6900
HP362;HALCON POLIESTER 362;4,655;6124,87;12,54;21;0;6900
REYP112;REY POLIESTER 112;4,735;5661,81;12,16;21;0;6500
REYP390;REY POLIESTER 390;4,75;5661,81;12,11;21;0;6500
AP609;ALTEX POLIESTER 609;4,885;3040;17;21;0;5800
HP415;HALCON POLIESTER 415;4,935;6124,87;12,54;21;0;6900
LP3;AER LUBRICANTE BLANCO EN AEROSOL X 440CC;5;1832;1,98;21;0;3242
A197;ALTEX ALGODON 197;5;653;3,2;21;0;1700
A339;ALTEX ALGODON 339;5;653;3,2;21;0;1700
B12-3-020X7;AUREC GUIA P/MAQ. COLLARETA Nï¿½ï¿½ï¿½ï¿½ï¿½ï¿;5;18500;20;21;0;31339
A4-20;AUREC RIBETEADOR P/MAQ. RECTA 20mm;5;7862;8,5;21;0;13319
CM1809;CABLE PARA MOTOR + FICHA;5;4850;0;21;0;8000
C12UF;CONDENSADOR 12 UF;5;2914;3,15;21;0;5994
4328;CORREA BROTHER-V BELT INDUSTRIAL Nï¿½;5;2519;2,29;21;0;4282
C10;"DAPET CUCHILLA DE 10"" ";5;16764;15,24;21;0;25146
GA11362;GUARDA AGUJA POSTERIOR ;5;423,72;0;21;0;1100
GA10-30;GUIA ENVIVADOR DE RECTA A10 30mm;5;7619,92;7,62;21;0;14249
HR336;HALCON ALGODON 336;5;1740,31;2,06;21;0;2100
HR361;HALCON ALGODON 361;5;1740,31;2,06;21;0;2100
HR899;HALCON ALGODON 899;5;1740,31;2,06;21;0;2100
MG1;IMAN MEDIANO MG1;5;0;0;21;0;0
14-856;KANSAI SPECIAL CHAPA COLLARETA 14-856  5.6mm ;5;8950;0;21;0;14320
14-866;KANSAI SPECIAL CHAPA COLLARETA 14-866  6.4mm ;5;8950;0;21;0;14320
LEDE12;LAMPARA LED CHICA E12;5;2386;2,58;21;0;4187
P/2121/8S;LH PRENSATELA 1/8;5;5021;0;21;0;8536
SP183/16;LH PRENSATELA C/GUIA SP183/16;5;4705;5,9;21;0;7999
SP18L1/8;LH PRENSATELA C/GUIA ZURDO SP18L1/8;5;4705;5,9;21;0;7999
SP18L3/16;LH PRENSATELA C/GUIA ZURDO SP18L3/16;5;4705;5,9;21;0;7999
SP18L5/16;LH PRENSATELA C/GUIA ZURDO SP18L5/16;5;5192;6,6;21;0;8826
P363;LH PRENSATELA CIERRE CENTRO P363;5;2727;3,4;21;0;4636
P36LN;LH PRENSATELA CIERRE IZQUIERDO P36LN;5;2727;3,5;21;0;4636
CR1/32N;LH PRENSATELA P/PESPUNTE CR1/32N;5;4055;5,2;21;0;6894
CR3/32E;LH PRENSATELA P/PESPUNTE CR3/32E;5;4292;5,4;21;0;7296
CL1/4E;LH PRENSATELA P/PESPUNTE ZURDO CL1/4E;5;4999;6,4;21;0;8248
CL1/8E;LH PRENSATELA P/PESPUNTE ZURDO CL1/8E;5;4292;5,4;21;0;7296
CL3/8E;LH PRENSATELA P/PESPUNTE ZURDO CL3/8E;5;5481;7;21;0;9318
CL5/32E;LH PRENSATELA P/PESPUNTE ZURDO CL5/32E;5;4292;5,4;21;0;7296
LP20;LP120 LUBRICANTE BLANCO PESADO x 5 LITROS;5;13634;14,74;21;0;28046
KG213;PASA HILO SUPERIOR;5;114,24;0;21;0;250
259632B56;PEGASUS CHAPA COLLARETA 259632B56 5.6mm;5;9583;10,36;21;0;18553
257018B56;PEGASUS CHAPA TAPACOST. 257018B56 5.6mm;5;3830;4,14;21;0;7414
257550;PEGASUS CROCHET 257550;5;3498;3,18;21;0;5947
204703;PEGASUS CROCHET 5 HILOS 204703;5;2238;2,42;21;0;4469
209685;PEGASUS CROCHET 5 HILOS 209685 ;5;2238;2,42;21;0;4469
208064;PEGASUS DIENTE 5 HILOS 208064;5;6706;7,25;21;0;12983
208217;PEGASUS DIENTE 5 HILOS 208217 ;5;6706;7,25;21;0;12983
204676;PEGASUS DIENTE COLLARETA 204676-BF;5;6706;7,25;21;0;12983
208078;PEGASUS DIENTE COLLARETA 208078-BF;5;6706;7,25;21;0;12983
277006;PEGASUS GUARDA AGUJA M900 (277006) 5 HILOS;5;1532;4,08;21;0;3800
68C1-192 ;PIE PRENSA TELA CORTADORA;5;2640;2,4;21;0;4224
P8644;PISTOLA ETIQUETADORA MANUAL GOLDEN A;5;2826,9;10,47;21;0;4700
P1408;POLEA 95;5;2350;2,54;21;0;4833
P3155;PORTA CONO DE 4 HILOS CON GUIA;5;3175;8,14;21;0;12450
F-35;PORTA ETIQUETA PLASTICA FINA F 35mm;5;2943;10,9;21;0;5000
P/2121/4W;PRENSATELA 1/4W;5;1246;0;21;0;2500
P/212W1/8;PRENSATELA 1/8 CON GUIA;5;0;0;21;0;5680
208955;PRENSATELA 5 HILOS PESADO;5;5215;10,73;21;0;10096
RS570;PRENSATELA C/GUIA Y RODILLO 1/8;5;2767,5;0;21;0;13580
SUSEIS537-2;PRENSATELA P/FRUNCIR ELASTICO 1/2 S537;5;3611;0;21;0;7100
TCR1/32E;PRENSATELA P/PESPUNTE TEFLON TCR1/32E;5;2409;2,19;21;0;4955
TCR1/4;PRENSATELA P/PESPUNTE TEFLON TCR1/4;5;4246;3,86;21;0;8734
210584;PRENSATELA PEGAELAST. 3 HILOS 210584;5;0;0;21;0;3000
SUSEIP351;PRENSATELA PLANA C/COLITA SUSEIP351;5;2409;2,19;21;0;4955
P12468;PRENSATELA REPUESTO RODILLO DE GOMA;5;947,7;0;21;0;6730
P1303;PRENSATELA TEFLON TAPACOSTURA 6.4MM ;5;3611;4,89;21;0;7600
P1407T;PRENSATELA TEFLON TAPACOSTURA 6.4MM ;5;4523;4,89;21;0;9304
PM1091;PRENSATELAS DE METRA;5;1900;0;21;0;14520
R751983;REALTEX HILO DELGADO 1983;5;0;0;21;0;2800
S1534;RECTA SUNSTAR SOMBRERITO PLASTICO ;5;0;0;21;0;600
4125;REGLA METL 100CM ACERO;5;1200;0;21;0;4000
KS44L;RESORTE DE PRENSATELAS LIVIANO KS44;5;14,52;0;21;0;60
R14247;RETEN VOLANTE SUNSTAR;5;0;0;21;0;500
REY158;REY ALGODON 158;5;1679,58;3,05;21;0;1900
R1647;RODILLERA REPUESTO DE CHAPA;5;67;0;21;0;700
SI56;SILICONA INDUSTRIAL PURA x 1 LITRO;5;11696;11,58;21;0;20997
E591B;SIRUBA CHAPA 4 HILOS P/RULETE E591B;5;5180;5,6;21;0;10028
E217;SIRUBA CHAPA 5 HILOS E217;5;6170;6,67;21;0;12318
KG211C;SIRUBA CHAPITA DE PASA HILO KG211;5;142,8;0;21;0;400
KT24;SIRUBA CODO CONEXION PLASTICO KT24;5;121;0;21;0;300
KM203C;SIRUBA CROCHET KM203;5;2682;2,9;21;0;5518
ME28;SIRUBA CROCHET ME28 F007 ORIGINAL;5;4200;0;21;0;14720
H1259/D1207;SIRUBA DIENTES H1259-D1207;5;7132;7,71;21;0;13376
KG201;SIRUBA GUARDA AGUJA KG201 ORIGINAL;5;1167,95;0;21;0;2700
KJ06K;SIRUBA GUIA BIELA KJ06K;5;4190;4,19;21;0;7123
M9X12-1;SIRUBA PASA HILO CINTUR. M9X12-1;5;409,2;0;21;0;700
KR19;SIRUBA PORTA CUCHILLA SUPER. KR19 F ORIG.;5;5883;6,36;21;0;10001
KG29;SIRUBA RESORTE KG29;5;120;0,13;21;0;247
KS212;SIRUBA RESORTE KS212;5;163,35;0;21;0;300
KS225;SIRUBA RESORTE KS225;5;102;0;21;0;180
KG27;SIRUBA RETEN HILO KG27;5;508,2;0;21;0;900
KG28;SIRUBA RETEN HILO KG28;5;399,3;0;21;0;700
R1642;SOPORTE RODILLERA CON TORNILLOS MACIZO R1642;5;103;0;21;0;1500
270-8SR;TIJERA MUNDIAL GRANDE;5;30090;30,09;21;0;45135
270-6SR;TIJERA MUNDIAL PEQUEï¿;5;21010;21,01;21;0;31515
LK3-B430;TYPICAL CHAPA AGUJA 2.4MM LK3-B430;5;923,4;0;21;0;2200
V1292;UNION INTERMEDIA DE VARILLA ORIGINAL;5;139;0,15;21;0;400
2109320;YAMATO CROCHET 4 HILOS 2109320;5;326,6;0;21;0;1500
B2521-804;YAMATO CROCHET B2521-804;5;266,71;0;21;0;1000
HP269;HALCON POLIESTER 269;5,03;6124,87;12,54;21;0;6900
HP309;HALCON POLIESTER 309;5,04;6124,87;12,54;21;0;6900
HP390;HALCON POLIESTER 390;5,04;6124,87;12,54;21;0;6900
AP633;ALTEX POLIESTER 633;5,045;3040;17;21;0;5800
HP910;HALCON POLIESTER 910;5,065;6124,87;12,54;21;0;6900
HP114;HALCON POLIESTER 114;5,29;6124,87;12,54;21;0;6900
AP727;ALTEX POLIESTER 727;5,295;3040;17;21;0;5800
HP145;HALCON POLIESTER 145;5,305;6124,87;12,54;21;0;6900
OP222;OLITEX POLIESTER 222;5,335;2750;17;21;0;4800
REYP193;REY POLIESTER 193;5,365;5661,81;12,11;21;0;6500
HP129;HALCON POLIESTER 129;5,43;6124,87;12,54;21;0;6900
REYP326;REY POLIESTER 326;5,475;5661,81;12,11;21;0;6500
REYP910;REY POLIESTER 910;5,495;5661,81;12,11;21;0;6500
REYP123;REY POLIESTER 123;5,505;5661,81;12,11;21;0;6500
REYP104;REY POLIESTER 104;5,51;5661,81;12,11;21;0;6500
HP911;HALCON POLIESTER 911;5,52;6124,87;12,54;21;0;6900
REYP102;REY POLIESTER 102;5,525;5661,81;12,11;21;0;6500
AP620;ALTEX POLIESTER 620;5,595;3040;17;21;0;5800
AP662;ALTEX POLIESTER 662;5,615;3040;17;21;0;5800
HP104;HALCON POLIESTER 104 ;5,745;6124,87;12,54;21;0;6900
REYP202;REY POLIESTER 202;5,745;5661,81;12,11;21;0;6500
REYP453;REY POLIESTER 453;5,785;5661,81;12,11;21;0;6500
HP929;HALCON POLIESTER 929;5,8;6124,87;12,54;21;0;6900
REYP894;REY POLIESTER 894;5,81;5661,81;12,11;21;0;6500
REYP284;REY POLIESTER 284;5,825;5661,81;12,11;21;0;6500
REYP198;REY POLIESTER 198;5,84;5661,81;12,11;21;0;6500
HP264;HALCON POLIESTER 264;5,85;6124,87;12,54;21;0;6900
A114;ALTEX ALGODON 114;6;653;3,2;21;0;1700
A198;ALTEX ALGODON 198;6;653;3,2;21;0;1700
A342;ALTEX ALGODON 342;6;653;3,2;21;0;1700
A417;ALTEX ALGODON 417;6;653;3,2;21;0;1700
A489;ALTEX ALGODON 489;6;653;3,2;21;0;1700
A931;ALTEX ALGODON 931;6;653;3,2;21;0;1700
B68-20X10;AUREC ENVIVADOR TAPACOSTURA Y TIRILLERA;6;14800;16;21;0;25071
B68-22X11;AUREC ENVIVADOR TAPACOSTURA Y TIRILLERA;6;14800;16;21;0;25071
B10771;BASE DE APOYO DE MESA;6;47,52;0;21;0;150
D-022-B;BUJE CORTA COLLARETA DAPET;6;770;0,7;21;0;1491
629;CABLE DE CORTADORA 629 DAPET;6;9515;8,65;21;0;16176
MGS7/8;CUCHILLA OJAL MGS 7/8;6;324;0,35;21;0;666
D6379;DESTORNILLADOR LARGO 401A;6;718,2;4,5;21;0;1900
E1595;GOMA P/ESQUINA CARTER ;6;43,7;0;21;0;200
GA10-24;GUIA ENVIVADOR DE RECTA A10 24mm;6;8382;7,62;21;0;14249
GJC1008;GUIA JUEGO COMPLETO 1/8 (4 PIEZAS);6;1526,05;0;21;0;16570
HR132;HALCON ALGODON 132;6;1740,31;2,06;21;0;2100
HR284;HALCON ALGODON 284;6;1740,31;2,06;21;0;2100
HR309;HALCON ALGODON 309;6;1740,31;2,06;21;0;2100
HR313;HALCON ALGODON 313;6;1740,31;2,06;21;0;2100
HR322;HALCON ALGODON 322;6;1740,31;2,06;21;0;2100
HR417;HALCON ALGODON 417;6;1740,31;2,06;21;0;2100
HR893;HALCON ALGODON 893;6;1740,31;2,06;21;0;2100
HR922;HALCON ALGODON 922;6;1740,31;2,06;21;0;2100
H75374;HALCON HILO DELGADO 374;6;2847,01;3,37;21;0;3700
MG40;IMAN GRANDE MG40;6;1970;2,13;21;0;2955
S02637-001;JACK CUCHILLA DE CORTA HILO FIJA S02637-001;6;385,2;0;21;0;8580
RP4354;JUKI REGULADOR DE PUNTADAS;6;10;0;21;0;100
P/2121/4S;LH PRENSATELA 1/4 ;6;5021;0;21;0;8536
P/212L1/4;LH PRENSATELA 1/4 C/GUIA  ZURDO ;6;6937;0;21;0;11793
P/212L1/8 ;LH PRENSATELA 1/8 C/GUIA  ZURDO ;6;6937;0;21;0;11793
P/2121/8A;LH PRENSATELA 1/8 FINO ;6;5021;0;21;0;8536
SP185/16;LH PRENSATELA C/GUIA SP185/16;6;5192;6,6;21;0;8826
SP18L1/4;LH PRENSATELA C/GUIA ZURDO SP18L1/4;6;5192;6,6;21;0;8826
CR5/32E;LH PRENSATELA P/PESPUNTE CR5/32E;6;4292;5,4;21;0;7296
CL1/16N;LH PRENSATELA P/PESPUNTE ZURDO CL1/16N;6;4055;5,3;21;0;6894
LP18;LP120 LUBRICANTE BLANCO PESADO x 1 LITRO;6;3034;3,28;21;0;6241
LED2476;LUCES LED H30A-2 C/30 LED C/IMAN;6;9065;9,8;21;0;16310
22C3-2;MANIJA PRENSA TELA;6;1540;1,4;21;0;2464
209732;PEGASUS CHAPA 3 HILOS 209732;6;9528;10,3;21;0;18445
205243;PEGASUS CHAPA 4 HILOS 205243;6;4893;5,29;21;0;9473
257018B64;PEGASUS CHAPA TAPACOST. 257018B64 6.4mm;6;3830;4,14;21;0;7414
208910;PEGASUS PORTA AGUJA 5 HILOS 208910 ;6;3090;3,34;21;0;6355
P1853;PORTA ROLLO MESA PLATO GRANDE C/MORZA;6;13412;14,5;21;0;27590
P253E;PRENSATELA 4 HILOS P253-F374;6;3876;4,19;21;0;7503
PC747F;PRENSATELA C/RODILLO 4 HILOS LINEA F;6;12801,8;27,83;21;0;10000
P12462;PRENSATELA C/RODILLO DE METAL;6;12166;11,06;21;0;18249
P1288;PRENSATELA C/RODILLO DE TEFLON;6;2843,1;17,9;21;0;8000
P2446;PRENSATELA TAPACOSTURA C/GUIA 5,6MM P2446;6;1423,36;0;21;0;6300
T36N;PRENSATELA TEFLON P/FRUNCIR T36N;6;487,6;0;21;0;1100
T737F;PRENSATELA TEFLON T737F 3 HILOS ;6;5661;6,12;21;0;10960
REY126;REY ALGODON 126;6;1679,58;3,05;21;0;1900
REY285;REY ALGODON 285;6;1679,58;3,05;21;0;1900
REY937;REY ALGODON 937;6;1679,58;3,05;21;0;1900
E800;SIRUBA CHAPA 3 HILOS E800;6;4634;5,01;21;0;9252
LP38C;SIRUBA CROCHET 5 HILOS LP38;6;2516;2,72;21;0;5175
VE51C;SIRUBA CROCHET CINTUR. VE51;6;1536;1,66;21;0;3159
ME28C;SIRUBA CROCHET ME28 FOO7;6;3774;4,08;21;0;7535
D203K;SIRUBA DIENTE 4 HILOS D203K BK LINEA K;6;6706;7,25;21;0;12578
270-7SR;TIJERA MUNDIAL MEDIANA;6;27180;27,18;21;0;40770
D-031-P;TORNILLO D-031-P;6;550;0,5;21;0;880
D-033-T;TORNILLO D-033-T;6;550;0,5;21;0;880
REYP368;REY POLIESTER 368;6,165;5661,81;12,11;21;0;6500
REYP257;REY POLIESTER 257;6,175;5661,81;12,11;21;0;6500
REYP354;REY POLIESTER 354;6,215;5661,81;12,11;21;0;6500
REYP162;REY POLIESTER 162;6,265;5661,81;12,11;21;0;6500
P374;POLIESTER 374;6,27;6205;17;21;0;6656
P322;POLIESTER 322;6,28;6205;17;21;0;6656
REYP152;REY POLIESTER 152;6,305;5661,81;12,11;21;0;6500
AP703;ALTEX POLIESTER 703;6,34;3040;17;21;0;5800
HP176;HALCON POLIESTER 176;6,355;6124,87;12,54;21;0;6900
HP285;HALCON POLIESTER 285;6,41;6124,87;12,54;21;0;6900
HP123;HALCON POLIESTER 123;6,425;6124,87;12,54;21;0;6900
HP291;HALCON POLIESTER 291;6,475;6124,87;12,54;21;0;6900
HP201;HALCON POLIESTER 201;6,485;6124,87;12,54;21;0;6900
HP930;HALCON POLIESTER 930;6,49;6124,87;12,54;21;0;6900
REYP309;REY POLIESTER 309;6,51;5661,81;12,11;21;0;6500
REYP232;REY POLIESTER 232;6,52;5661,81;12,11;21;0;6500
REYP929;REY POLIESTER 929;6,52;5661,81;12,11;21;0;6500
HP920;HALCON POLIESTER 920;6,575;6124,87;12,54;21;0;6900
REYP129;REY POLIESTER 129;6,605;5661,81;12,11;21;0;6500
REYP132;REY POLIESTER 132;6,655;5661,81;12,11;21;0;6500
HP198;HALCON POLIESTER 198;6,715;6124,87;12,54;21;0;6900
HP334;HALCON POLIESTER 334;6,73;6124,87;12,54;21;0;6900
HP368;HALCON POLIESTER 368;6,73;6124,87;12,54;21;0;6900
HP102;HALCON POLIESTER 102;6,735;6124,87;12,54;21;0;6900
HP449;HALCON POLIESTER 449;6,735;6124,87;12,54;21;0;6900
HP283;HALCON POLIESTER 283;6,795;6124,87;12,54;21;0;6900
HP205;HALCON POLIESTER 205;6,84;6124,87;12,54;21;0;6900
HP387;HALCON POLIESTER 387;6,94;6124,87;12,54;21;0;6900
HP126;HALCON POLIESTER 126;6,945;6124,87;12,54;21;0;6900
REYP388;REY POLIESTER 388;6,965;5661,81;12,11;21;0;6500
REYP167;REY POLIESTER 167;6,97;5661,81;12,11;21;0;6500
REYP158;REY POLIESTER 158;6,99;5661,81;12,11;21;0;6500
109R;ABRE OJAL PEQUEï¿½ï¿½ï;7;250;0,27;21;0;514
A155;ALTEX ALGODON 155;7;653;3,2;21;0;1700
A454;ALTEX ALGODON 454;7;653;3,2;21;0;1700
A492;ALTEX ALGODON 492;7;653;3,2;21;0;1700
A965;ALTEX ALGODON 965;7;653;3,2;21;0;1700
B1634;BASE DE GOMA METALICO P/APOYO MODELO F;7;1078;0,98;21;0;1833
C20UF;CONDENSADOR 20 UF;7;3090;3,34;21;0;6355
R40603;COSERIL HILO DELGADO APTO Nï¿½;7;0;7,13;21;0;6900
KU23-2B;ENFRIADOR DE AGUJA KU23-2B LINEA F;7;1633,5;0;21;0;2800
TEC555;EQUIPO CORTA GUATA TEC555;7;1804,14;0;21;0;4000
FM1808;FICHA DE MOTOR;7;707,09;0;21;0;4500
30C1-8;FICHA MACHO 629 DAPET;7;6985;6,35;21;0;11875
G9245;GANCHO CADENA DE MOTOR ;7;183,04;0;21;0;200
G24X7;GOMA PARA EL PORTA CARRETEL;7;279;0;21;0;900
GJC1009;GUIA JUEGO COMPLETO 1/4 (4 PIEZAS);7;1526,05;0;21;0;16570
HR118;HALCON ALGODON 118;7;1740,31;2,06;21;0;2100
HR146;HALCON ALGODON 146;7;1740,31;2,06;21;0;2100
HR208;HALCON ALGODON 208;7;1740,31;2,06;21;0;2100
HR249;HALCON ALGODON 249;7;1740,31;2,06;21;0;2100
HR254;HALCON ALGODON 254;7;1740,31;2,06;21;0;2100
HR275;HALCON ALGODON 275;7;1740,31;2,06;21;0;2100
HR279;HALCON ALGODON 279;7;1740,31;2,06;21;0;2100
HR339;HALCON ALGODON 339;7;1740,31;2,06;21;0;2100
HR415;HALCON ALGODON 415;7;1740,31;2,06;21;0;2100
HR452;HALCON ALGODON 452;7;1740,31;2,06;21;0;2100
HR907;HALCON ALGODON 907;7;1740,31;2,06;21;0;2100
HR925;HALCON ALGODON 925;7;1740,31;2,06;21;0;2100
HR932;HALCON ALGODON 932;7;1740,31;2,06;21;0;2100
H23390;HALCON HILO GRUESO 390;7;2847,01;3,37;21;0;3700
S518;LH PRENSATELA P/CIERRE INVISIBLE S518;7;2937;4;21;0;4993
31358HW;LH PRENSATELA ZURDO CIERRE 31358HW;7;2424;0;21;0;4636
LP17;LP120 LUBRICANTE BLANCO PESADO x 500cc;7;1702;1,84;21;0;3501
LED2477;LUCES LED H6-A TIRITA  ;7;7788;8,42;21;0;14117
1381;PINCEL CHICO SIMPLE BR1;7;190;0;21;0;500
1382;PINCEL COMBINADO BR2;7;197,6;0;21;0;600
KG253-E;PORTA AGUJA 5 HILOS KG253E LINEA F LIVIANO;7;3737;4,04;21;0;7461
P5253;PORTA CONO DE 5 HILOS CON GUIA;7;4319,7;0;21;0;14150
P201A;PRENSATELA 4 HILOS P201A-A;7;5149,95;5,15;21;0;8750
PC747;PRENSATELA C/RODILLO 4 HILOS LINEA K;7;12801,8;27,83;21;0;13450
R50;REALFIL HILO APTO Nï¿½ï¿½ï¿½ï¿½ï¿½ï¿½ï¿;7;3450;9,26;21;0;8300
RR1982;REALTEX ALGODON 1982;7;0;0;21;0;1300
KG97;RESORTE CONICO BLANDO OVER. Y COLLARETA;7;42;0;21;0;100
REY191;REY ALGODON 191;7;1679,58;3,05;21;0;1900
REY198;REY ALGODON 198;7;1679,58;3,05;21;0;1900
REY222;REY ALGODON 222;7;1679,58;3,05;21;0;1900
REY239;REY ALGODON 239;7;1679,58;3,05;21;0;1900
REY278;REY ALGODON 278;7;1679,58;3,05;21;0;1900
REY313;REY ALGODON 313;7;1679,58;3,05;21;0;1900
REY322;REY ALGODON 322;7;1679,58;3,05;21;0;1900
REY332;REY ALGODON 332;7;1679,58;3,05;21;0;1900
REY337;REY ALGODON 337;7;1679,58;3,05;21;0;1900
REY339;REY ALGODON 339;7;1679,58;3,05;21;0;1900
REY356;REY ALGODON 356;7;1679,58;3,05;21;0;1900
REY390;REY ALGODON 390;7;1679,58;3,05;21;0;1900
REY439;REY ALGODON 439;7;1679,58;3,05;21;0;1900
REY449;REY ALGODON 449;7;1679,58;3,05;21;0;1900
REY486;REY ALGODON 486;7;1679,58;3,05;21;0;1900
REY899;REY ALGODON 899;7;1679,58;3,05;21;0;1900
REY903;REY ALGODON 903;7;1679,58;3,05;21;0;1900
REY908;REY ALGODON 908;7;1679,58;3,05;21;0;1900
REY930;REY ALGODON 930;7;1679,58;3,05;21;0;1900
REY75890;REY HILO DELGADO 890;7;2518,3;5,39;21;0;3300
REY23890;REY HILO GRUESO 890;7;2518,3;5,39;21;0;3300
D1216-H1262;SIRUBA DIENTES D1216-H1262;7;7132;7,71;21;0;13376
KS63;SIRUBA PERNO DEL BRAZO OVERLOCK KS63 ;7;85,18;0;21;0;300
SK277;SIRUBA TORNILLO SK277;7;450;0,45;21;0;765
C10-17-TW;TAKING CROCHET METRA M C10-17;7;701,8;0;21;0;5000
V1293;UNION INTERMEDIA DE VARILLA;7;139;0,15;21;0;300
REYP387;REY POLIESTER 387;7,025;5661,81;12,11;21;0;6500
REYP153;REY POLIESTER 153;7,03;5661,81;12,11;21;0;6500
HP937;HALCON POLIESTER 937;7,04;6124,87;12,54;21;0;6900
HP372;HALCON POLIESTER 372;7,07;6124,87;12,54;21;0;6900
HP300;HALCON POLIESTER 300;7,09;6124,87;12,54;21;0;6900
HP412;HALCON POLIESTER 412;7,15;6124,87;12,54;21;0;6900
HP890;HALCON POLIESTER 890;7,17;6124,87;12,54;21;0;6900
HP936;HALCON POLIESTER 936;7,17;6124,87;12,54;21;0;6900
HP499;HALCON POLIESTER 499;7,2;6124,87;12,54;21;0;6900
HP153;HALCON POLIESTER 153;7,205;6124,87;12,54;21;0;6900
REYP201;REY POLIESTER 201;7,205;5661,81;12,11;21;0;6500
REYP911;REY POLIESTER 911;7,265;5661,81;12,11;21;0;6500
REYP285;REY POLIESTER 285;7,275;5661,81;12,11;21;0;6500
REYP449;REY POLIESTER 449;7,275;5661,81;12,11;21;0;6500
REYP907;REY POLIESTER 907;7,285;5661,81;12,11;21;0;6500
HP365;HALCON POLIESTER 365;7,3;6124,87;12,54;21;0;6900
HP916;HALCON POLIESTER 916;7,3;6124,87;12,54;21;0;6900
REYP918;REY POLIESTER 918;7,305;5661,81;12,11;21;0;6500
REYP279;REY POLIESTER 279;7,315;5661,81;12,11;21;0;6500
REYP501;REY POLIESTER 501;7,365;5661,81;12,11;21;0;6500
REYP141;REY POLIESTER 141;7,37;5661,81;12,11;21;0;6500
AP656;ALTEX POLIESTER 656;7,39;3040;17;21;0;5800
REYP491;REY POLIESTER 491;7,425;5661,81;12,11;21;0;6500
REYP905;REY POLIESTER 905;7,515;5661,81;12,11;21;0;6500
AP612;ALTEX POLIESTER 612;7,555;2950;17;21;0;5800
HP907;HALCON POLIESTER 907;7,56;6124,87;12,54;21;0;6900
REYP176;REY POLIESTER 176;7,6;5661,81;12,11;21;0;6500
REYP204;REY POLIESTER 204;7,61;5661,81;12,11;21;0;6500
REYP344;REY POLIESTER 344;7,615;5661,81;12,11;21;0;6500
AP645;ALTEX POLIESTER 645;7,625;3040;17;21;0;5800
OP191;OLITEX POLIESTER 191;7,625;2750;17;21;0;4800
REYP145;REY POLIESTER 145;7,67;5661,81;12,11;21;0;6500
AP632;ALTEX POLIESTER 632;7,865;3040;17;21;0;5800
AP623;ALTEX POLIESTER 623;7,92;3040;17;21;0;5800
REYP921;REY POLIESTER 921;7,935;5661,81;12,11;21;0;6500
REYP412;REY POLIESTER 412;7,95;5661,81;12,11;21;0;6500
REYP909;REY POLIESTER 909;7,97;5661,81;12,11;21;0;6500
HP132;HALCON POLIESTER 132;7,975;6124,87;12,54;21;0;6900
REYP283;REY POLIESTER 283;7,995;5661,81;12,11;21;0;6500
2/4/2008;ACEITERO 02-04 Nï¿;8;1320;1,2;21;0;2112
172;AGUJA DPx17 135x17 2167 Nï¿½;8;1420;1,42;21;0;2300
A153;ALTEX ALGODON 153;8;653;3,2;21;0;1700
A415;ALTEX ALGODON 415;8;653;3,2;21;0;1700
A501;ALTEX ALGODON 501;8;653;3,2;21;0;1700
A926;ALTEX ALGODON 926;8;653;3,2;21;0;1700
3144;CORREA BROTHER-V BELT INDUSTRIAL Nï¿½;8;2519;2,29;21;0;4282
3146;CORREA BROTHER-V BELT INDUSTRIAL Nï¿½;8;2519;2,29;21;0;4282
3151;CORREA BROTHER-V BELT INDUSTRIAL Nï¿½;8;2289,98;2,29;21;0;4282
8140;CORREA BROTHER-V BELT INDUSTRIAL Nï¿½;8;2519;2,29;21;0;4282
8141;CORREA BROTHER-V BELT INDUSTRIAL Nï¿½;8;2519;2,29;21;0;4282
C4962;CROCHET DE RECTA LIVIANA;8;3800;0;21;0;13540
HR173;HALCON ALGODON 173;8;1740,31;2,06;21;0;2100
HR257;HALCON ALGODON 257;8;1740,31;2,06;21;0;2100
HR332;HALCON ALGODON 332;8;1740,31;2,06;21;0;2100
HR348;HALCON ALGODON 348;8;1740,31;2,06;21;0;2100
HR388;HALCON ALGODON 388;8;1740,31;2,06;21;0;2100
HR406;HALCON ALGODON 406;8;1740,31;2,06;21;0;2100
HR412;HALCON ALGODON 412;8;1740,31;2,06;21;0;2100
HR901;HALCON ALGODON 901;8;1740,31;2,06;21;0;2100
H75114;HALCON HILO DELGADO 114;8;2847,01;3,37;21;0;3700
C794ATR;JACK CROCHET DE RECTA AUTOMATICA PESADA;8;3500;0;21;0;15600
CR1/16E;LH PRENSATELA P/PESPUNTE CR1/16E;8;4292;5,2;21;0;7296
202554E;PEGASUS CHAPA 4 HILOS 202554E;8;4893;5,29;21;0;9473
P1289;PRENSATELA C/RODILLO DE METAL;8;1000;0;21;0;8000
SUSEICR1/4E;PRENSATELA P/PESPUNTE SUSEICR1/4E;8;4246;3,86;21;0;8477
P12466;PRENSATELA REPUESTO RODILLO DE METAL;8;947,7;0;21;0;6730
34C1-20;RESORTE DE AFILADOR;8;770;0,7;21;0;1232
REY129;REY ALGODON 129;8;1679,58;3,05;21;0;1900
REY141;REY ALGODON 141;8;1679,58;3,05;21;0;1900
REY213;REY ALGODON 213;8;1679,58;3,05;21;0;1900
REY225;REY ALGODON 225;8;1679,58;3,05;21;0;1900
REY269;REY ALGODON 269;8;1679,58;3,05;21;0;1900
REY299;REY ALGODON 299;8;1679,58;3,05;21;0;1900
REY300;REY ALGODON 300;8;1679,58;3,05;21;0;1900
REY319;REY ALGODON 319;8;1679,58;3,05;21;0;1900
REY354;REY ALGODON 354;8;1679,58;3,05;21;0;1900
REY355;REY ALGODON 355;8;1679,58;3,05;21;0;1900
REY358;REY ALGODON 358;8;1679,58;3,05;21;0;1900
REY368;REY ALGODON 368;8;1679,58;3,05;21;0;1900
E222;SIRUBA CHAPA 3 HILOS E222;8;6170;6,67;21;0;11945
KN42;SIRUBA PLATILLOS CHICOS KN42;8;155;0,3;21;0;319
M4356;SIRUBA PORTA AGUJA COLLARETA M4356 5.6MM ORIGINAL;8;4255;4,6;21;0;7233
24C1-3 ;TORNILLO DE AJUSTE DE CUCHILLA 20C13-14;8;0;0;21;0;105
HSH-12-15;TYPICAL CROCHET DE DOBLE AGUJA;8;50403;54,49;21;0;65524
REYP213;REY POLIESTER 213;8,03;5661,81;12,11;21;0;6500
REYP118;REY POLIESTER 118;8,1;5661,81;12,11;21;0;6500
OP276;OLITEX POLIESTER 276;8,215;2750;17;21;0;4800
HP105;HALCON POLIESTER 105;8,22;6124,87;12,54;21;0;6900
HP905;HALCON POLIESTER 905;8,28;6124,87;12,54;21;0;6900
REYP140;REY POLIESTER 140;8,335;5661,81;12,11;21;0;6500
REYP264;REY POLIESTER 264;8,35;5661,81;12,11;21;0;6500
REYP401;REY POLIESTER 401;8,355;5661,81;12,11;21;0;6500
AP679;ALTEX POLIESTER 679;8,36;3040;17;21;0;5800
REYP353;REY POLIESTER 353;8,37;5661,81;12,11;21;0;6500
REYP385;REY POLIESTER 385;8,37;5661,81;12,11;21;0;6500
REYP423;REY POLIESTER 423;8,415;5661,81;12,11;21;0;6500
REYP114;REY POLIESTER 114;8,465;5661,81;12,11;21;0;6500
REYP334;REY POLIESTER 334;8,475;5661,81;12,11;21;0;6500
REYP320;REY POLIESTER 320;8,49;5661,81;12,11;21;0;6500
HP323;HALCON POLIESTER 323;8,63;6124,87;12,54;21;0;6900
HP158;HALCON POLIESTER 158;8,635;6124,87;12,54;21;0;6900
REYP154;REY POLIESTER 154;8,64;5661,81;12,11;21;0;6500
REYP372;REY POLIESTER 372;8,715;5661,81;12,11;21;0;6500
REYP303;REY POLIESTER 303;8,72;5661,81;12,11;21;0;6500
REYP143;REY POLIESTER 143;8,73;5661,81;12,11;21;0;6500
REYP349;REY POLIESTER 349;8,78;5661,81;12,11;21;0;6500
REYP291;REY POLIESTER 291;8,785;5661,81;12,11;21;0;6500
HP203;HALCON POLIESTER 203;8,9;6124,87;12,54;21;0;6900
111R;ABRE OJAL GRANDE 111R;9;583;0,63;21;0;1199
AD115;AGUJA DE DRILL;9;0;0;21;0;1200
P8645;AGUJA METALICA P/PISTOLA;9;0;0;21;0;400
2834;AGUJA TQx7 175x7 29-L:2091 Nï¿½;9;1420;1,42;21;0;2300
A392;ALTEX ALGODON 392;9;653;3,2;21;0;1700
A938;ALTEX ALGODON 938;9;653;3,2;21;0;1700
A944;ALTEX ALGODON 944;9;653;3,2;21;0;1700
A954;ALTEX ALGODON 954;9;653;3,2;21;0;1700
A972;ALTEX ALGODON 972;9;653;3,2;21;0;1700
B70-3-22X11;AUREC EQUIPO DE 3 TIRAS Nï¿½;9;33300;36;21;0;56410
B947;BARRA DE AGUJA CABO FINO RECTA;9;548,1;0;21;0;1500
3142;CORREA BROTHER-V BELT INDUSTRIAL Nï¿½;9;2519;2,29;21;0;4282
3148;CORREA BROTHER-V BELT INDUSTRIAL Nï¿½;9;2519;2,29;21;0;4282
4326;CORREA BROTHER-V BELT INDUSTRIAL Nï¿½;9;2289,98;2,29;21;0;4282
4330;CORREA BROTHER-V BELT INDUSTRIAL Nï¿½;9;2519;2,29;21;0;4282
D-061-C;CORREA CORTA COLLARETA;9;660;0,6;21;0;1122
D4198;DESTORNILLADOR P/CAJA BOBINA;9;264,6;1,7;21;0;700
HR102;HALCON ALGODON 102;9;1740,31;2,06;21;0;2100
HR187;HALCON ALGODON 187;9;1740,31;2,06;21;0;2100
HR232;HALCON ALGODON 232;9;1740,31;2,06;21;0;2100
HR269;HALCON ALGODON 269;9;1740,31;2,06;21;0;2100
HR291;HALCON ALGODON 291;9;1740,31;2,06;21;0;2100
HR300;HALCON ALGODON 300;9;1740,31;2,06;21;0;2100
HR358;HALCON ALGODON 358;9;1740,31;2,06;21;0;2100
HR394;HALCON ALGODON 394;9;1740,31;2,06;21;0;2100
HR401;HALCON ALGODON 401;9;1740,31;2,06;21;0;2100
HR431;HALCON ALGODON 431;9;1740,31;2,06;21;0;2100
HR439;HALCON ALGODON 439;9;1740,31;2,06;21;0;2100
HR463;HALCON ALGODON 463;9;1740,31;2,06;21;0;2100
HR896;HALCON ALGODON 896;9;1740,31;2,06;21;0;2100
HR902;HALCON ALGODON 902;9;1740,31;2,06;21;0;2100
HR909;HALCON ALGODON 909;9;1740,31;2,06;21;0;2100
HR921;HALCON ALGODON 921;9;1740,31;2,06;21;0;2100
LP42;LP62 LUBRICANTE P/MAQ. CORTA TELAS x 250 cc;9;1730;1,87;21;0;2997
LP49;LP85 LUBRICANTE BLANCO x 1 LITRO;9;2054;2,22;21;0;4224
LP45;LP85 LUBRICANTE BLANCO x 2.7 LITRO;9;5060;5,47;21;0;10408
LED2475;LUCES LED H20A-2 C/20 LED C/IMAN;9;7890;8,53;21;0;14363
208905;PEGASUS PORTA AGUJA 208905 ;9;2544;2,75;21;0;5232
FPT2-2;PORTA CONO 2 HILOS FPT2-2;9;18150;16,5;21;0;9420
D1/4;PRENSATELA 1/4 CADENETA;9;1731,88;0;21;0;10170
P12464;PRENSATELA C/RODILLO DE GOMA;9;12166;11,06;21;0;18249
SUSEIP36N;PRENSATELA CIERRE P36N;9;1269,99;1,27;21;0;2200
CD20;PRENSATELA DE DOBLE PESPUNTE CD20;9;2716,43;6,35;21;0;4075
SUSEICR1/32E;PRENSATELA P/PESPUNTE SUSEICR1/32E;9;3146;2,86;21;0;6471
TCL1/16;PRENSATELA P/PESPUNTE ZURDO TEFLON TCL1/16;9;2541;2,31;21;0;4919
P1304;PRENSATELA TEFLON TAPACOSTURA 5.6MM ;9;3611;4,89;21;0;6100
RR801;REALTEX ALGODON BLANCO 801;9;0;0;21;0;1200
R231982;REALTEX HILO GRUESO 1982;9;0;0;21;0;2800
34C10-148;RESORTE IZQUIERDO DE AFILAR;9;0;0;21;0;75
34C10-45;RESORTE PARA POLEA DE AFILADOR;9;0;0;21;0;75
LA27;RESORTE TIRA HILO PESADO;9;9;0;21;0;100
REY108;REY ALGODON 108;9;1679,58;3,05;21;0;1900
REY154;REY ALGODON 154;9;1679,58;3,05;21;0;1900
REY186;REY ALGODON 186;9;1679,58;3,05;21;0;1900
REY257;REY ALGODON 257;9;1679,58;3,05;21;0;1900
REY273;REY ALGODON 273;9;1679,58;3,05;21;0;1900
REY349;REY ALGODON 349;9;1679,58;3,05;21;0;1900
REY352;REY ALGODON 352;9;1679,58;3,05;21;0;1900
REY412;REY ALGODON 412;9;1679,58;3,05;21;0;1900
REY430;REY ALGODON 430;9;1679,58;3,05;21;0;1900
REY894;REY ALGODON 894;9;1679,58;3,05;21;0;1900
REY906;REY ALGODON 906;9;1679,58;3,05;21;0;1900
REY923;REY ALGODON 923;9;1679,58;3,05;21;0;1900
REY935;REY ALGODON 935;9;1679,58;3,05;21;0;1900
KR25;SIRUBA ARANDELA KR25;9;1210;1,21;21;0;2416
KR36;SIRUBA CHAPA FIJA KR36 ORIGINAL;9;2420;2,42;21;0;4978
KG05;SIRUBA CRIQUET OVER. Y COLLARETA KG05;9;500;0,54;21;0;1027
SM162;SIRUBA TORNILLO CINTUR. SM162;9;69,7;0;21;0;150
SK216;SIRUBA TORNILLO SK216 PORTA AGUJA ;9;199,65;0;21;0;350
159324;TRABACROCHET LARGO RECTA 159324;9;307,02;0;21;0;700
REYP908;REY POLIESTER 908;9,06;5661,81;12,11;21;0;6500
REYP406;REY POLIESTER 406;9,135;5661,81;12,11;21;0;6500
OP339;OLITEX POLIESTER 339;9,2;2750;17;21;0;4800
REYP932;REY POLIESTER 932;9,21;5661,81;12,11;21;0;6500
REYP927;REY POLIESTER 927;9,23;5661,81;12,11;21;0;6500
HP423;HALCON POLIESTER 423;9,255;6124,87;12,54;21;0;6900
AP687;ALTEX POLIESTER 687;9,305;3040;17;21;0;5800
REYP191;REY POLIESTER 191;9,31;5661,81;12,11;21;0;6500
HP366;HALCON POLIESTER 366;9,325;6124,87;12,54;21;0;6900
HP257;HALCON POLIESTER 257;9,36;6124,87;12,54;21;0;6900
HP417;HALCON POLIESTER 417;9,36;6124,87;12,54;21;0;6900
REYP415;REY POLIESTER 415;9,41;5661,81;12,11;21;0;6500
REYP208;REY POLIESTER 208;9,46;5661,81;12,11;21;0;6500
AP694;ALTEX POLIESTER 694;9,48;3040;17;21;0;5800
HP143;HALCON POLIESTER 143;9,48;6124,87;12,54;21;0;6900
OP942;OLITEX POLIESTER 942;9,5;2750;17;21;0;4800
OP959;OLITEX POLIESTER 959;9,5;2750;17;21;0;4800
AP636;ALTEX POLIESTER 636;9,73;3040;17;21;0;5800
A167;ALTEX ALGODON 167;10;653;3,2;21;0;1700
A173;ALTEX ALGODON 173;10;653;3,2;21;0;1700
A269;ALTEX ALGODON 269;10;653;3,2;21;0;1700
A450;ALTEX ALGODON 450;10;653;3,2;21;0;1700
A451;ALTEX ALGODON 451;10;653;3,2;21;0;1700
A460;ALTEX ALGODON 460;10;653;3,2;21;0;1700
A495;ALTEX ALGODON 495;10;653;3,2;21;0;1700
A925;ALTEX ALGODON 925;10;653;3,2;21;0;1700
A963;ALTEX ALGODON 963;10;653;3,2;21;0;1700
12C1-24;ARANDELA APRIETA CUCHILLA;10;165;0,15;21;0;264
12C15-53;ARANDELA DE BIELA;10;143;0,13;21;0;229
CA1893;CADENA FRENO DE MOTOR ;10;183,04;0;21;0;400
4034;CORREA BROTHER-V BELT INDUSTRIAL Nï¿½;10;2519;2,29;21;0;4282
MGS5/8;CUCHILLA OJAL MGS 5/8;10;416;0,45;21;0;856
D636;DEVANADOR DE RECTA GRIS;10;4669,95;4,67;21;0;7940
2765;GUIA HILO BARRA AGUJA;10;64,64;0;21;0;350
A72-30;GUIA P/RUEDO MAQ. RECTA ;10;1083;0;21;0;2228
ZL2021;GUIA SUJETADOR DE TELA P/RECTA;10;6568;7,1;21;0;11125
HR116;HALCON ALGODON 116;10;1740,31;2,06;21;0;2100
HR151;HALCON ALGODON 151;10;1740,31;2,06;21;0;2100
HR152;HALCON ALGODON 152;10;1740,31;2,06;21;0;2100
HR155;HALCON ALGODON 155;10;1740,31;2,06;21;0;2100
HR271;HALCON ALGODON 271;10;1740,31;2,06;21;0;2100
HR311;HALCON ALGODON 311;10;1740,31;2,06;21;0;2100
HR399;HALCON ALGODON 399;10;1740,31;2,06;21;0;2100
HR456;HALCON ALGODON 456;10;1740,31;2,06;21;0;2100
HR499;HALCON ALGODON 499;10;1740,31;2,06;21;0;2100
HR906;HALCON ALGODON 906;10;1740,31;2,06;21;0;2100
H75141;HALCON HILO DELGADO 141;10;2847,01;3,37;21;0;3700
H75279;HALCON HILO DELGADO 279;10;2847,01;3,37;21;0;3700
H75361;HALCON HILO DELGADO 361;10;2847,01;3,37;21;0;3700
H75440;HALCON HILO DELGADO 440;10;2847,01;3,37;21;0;3700
H23114;HALCON HILO GRUESO 114;10;2847,01;3,37;21;0;3700
H23141;HALCON HILO GRUESO 141;10;2847,01;3,37;21;0;3700
H23279;HALCON HILO GRUESO 279;10;2847,01;3,37;21;0;3700
H23361;HALCON HILO GRUESO 361;10;2847,01;3,37;21;0;3700
19-431;KANSAI SPECIAL CROCHET CINTUR. 1404P 19-431;10;5752;0;21;0;9203
P360;LH PRENSATELA CIERRE P360;10;2792;3,5;21;0;4746
CR1/32E;LH PRENSATELA P/PESPUNTE CR1/32E;10;4292;5,4;21;0;7296
PH930;PASA HILO DE RECTA C/RESORTE;10;147,6;0;21;0;500
257553;PEGASUS GUARDA AGUJA FRONTAL COLLARETA;10;164,45;0;21;0;850
P201E;PRENSATELA 3 HILOS P253-F371;10;2102,2;4,19;21;0;3959
SUSEI150789;PRENSATELA ANCHO C/COLITA SUSEIP150789;10;521,1;3,3;21;0;1200
CD1/32;PRENSATELA DE DOBLE PESPUNTE CD1/32;10;2827;6,35;21;0;4241
SUSEICR1/16N;PRENSATELA P/PESPUNTE SUSEICR1/16N;10;2451;2,65;21;0;3677
T747F;PRENSATELA TEFLON T747F 4 HILOS;10;5661;6,12;21;0;10960
R75802;REALTEX HILO DELGADO 802;10;0;0;21;0;2800
R1555;RECTA SUNSTAR RESORTE BARRA PRENS.;10;64,64;0;21;0;200
34C10-149;RESORTE DERECHO DE AFILAR ;10;0;0;21;0;75
REY140;REY ALGODON 140;10;1679,58;3,05;21;0;1900
REY150;REY ALGODON 150;10;1679,58;3,05;21;0;1900
REY316;REY ALGODON 316;10;1679,58;3,05;21;0;1900
REY345;REY ALGODON 345;10;1679,58;3,05;21;0;1900
REY361;REY ALGODON 361;10;1679,58;3,05;21;0;1900
REY384;REY ALGODON 384;10;1679,58;3,05;21;0;1900
REY396;REY ALGODON 396;10;1679,58;3,05;21;0;1900
REY415;REY ALGODON 415;10;1679,58;3,05;21;0;1900
REY429;REY ALGODON 429;10;1679,58;3,05;21;0;1900
REY453;REY ALGODON 453;10;1679,58;3,05;21;0;1900
REY484;REY ALGODON 484;10;1679,58;3,05;21;0;1900
REY491;REY ALGODON 491;10;1679,58;3,05;21;0;1900
REY896;REY ALGODON 896;10;1679,58;3,05;21;0;1900
REY915;REY ALGODON 915;10;1679,58;3,05;21;0;1900
REY920;REY ALGODON 920;10;1679,58;3,05;21;0;1900
REY928;REY ALGODON 928;10;1679,58;3,05;21;0;1900
REY933;REY ALGODON 933;10;1679,58;3,05;21;0;1900
REY23374;REY HILO GRUESO 374;10;2518,3;5,39;21;0;3300
REY23417;REY HILO GRUESO 417;10;2518,3;5,39;21;0;3300
KG41;SIRUBA ABRAZADERA PORTA AGUJA KG41;10;3300;3,3;21;0;5610
E210;SIRUBA CHAPA 4 HILOS E210 BK;10;8519;9,21;21;0;16493
KG211;SIRUBA CHAPITA DE PASA HILO KG211 ORIGINAL;10;451;1,1;21;0;928
KL35C;SIRUBA CROCHET 3 Y 4 HILOS KL35 LINEA K;10;2803;3,03;21;0;5765
VE30Q;SIRUBA CROCHET SEPARADOR DE HILO CINTUR. VE30Q;10;464,15;0;21;0;2800
KN40;SIRUBA EJE TENSION CHICO KN40;10;435;0,47;21;0;894
KG03;SIRUBA EJE TENSION KG03;10;906;0,98;21;0;1865
KG213;SIRUBA GUIA HILO KG213 ORIGINAL;10;2000;2;21;0;4114
KQ49;SIRUBA JUNTA GOMA KQ49;10;3110;3,11;21;0;5287
PM315;SIRUBA PERNO PM315;10;40,84;0;21;0;150
KG02;SIRUBA RESORTE KG02 ORIGINAL;10;370;0,37;21;0;629
KS237;SIRUBA RESORTE KS237;10;38,72;0;21;0;180
SM136;SIRUBA TORNILLO CINTUR. SM136;10;380;0,38;21;0;646
SM160;SIRUBA TORNILLO CINTUR. SM160;10;38,4;0;21;0;100
SK256;SIRUBA TORNILLO SK256;10;562;0,82;21;0;955
SK385;SIRUBA TORNILLO SK385;10;320;0,32;21;0;544
SK408;SIRUBA TORNILLO SK408;10;570;0,57;21;0;969
SM280;SIRUBA TORNILLO SM280;10;381,15;0;21;0;650
SM631;SIRUBA TORNILLO SM631;10;1900;1,9;21;0;3230
T1110;TORNILLO DE DIENTE METRA;10;38,16;0;21;0;100
309C12-2;TORNILLO DE TOPE;10;44;0,04;21;0;70
LA32;TRABA TENSION LA32;10;74,45;0;21;0;100
209C1 ;TUBO PARA POLEA DE AFILADOR / BANDA DE NEOPRENE;10;0;0;21;0;30
AP701;ALTEX POLIESTER 701;10,125;3040;17;21;0;5800
REYP931;REY POLIESTER 931;10,155;5661,81;12,11;21;0;6500
REYP417;REY POLIESTER 417;10,255;5661,81;12,11;21;0;6500
AP647;ALTEX POLIESTER 647;10,39;3040;17;21;0;5800
AP653;ALTEX POLIESTER 653;10,39;3040;17;21;0;5800
REYP148;REY POLIESTER 148;10,475;5661,81;12,11;21;0;6500
AP722;ALTEX POLIESTER 722;10,5;3040;17;21;0;5800
AP641;ALTEX POLIESTER 641;10,625;2950;17;21;0;5800
HP322;HALCON POLIESTER 322;10,73;6124,87;12,54;21;0;6900
AP630;ALTEX POLIESTER 630;10,8;3040;17;21;0;5800
REYP127;REY POLIESTER 127;10,925;5661,81;12,11;21;0;6500
REYP235;REY POLIESTER 235;10,975;5661,81;12,11;21;0;6500
REYP899;REY POLIESTER 899;10,984;5661,81;12,11;21;0;6500
A152;ALTEX ALGODON 152;11;653;3,2;21;0;1700
A279;ALTEX ALGODON 279;11;653;3,2;21;0;1700
A297;ALTEX ALGODON 297;11;653;3,2;21;0;1700
A343;ALTEX ALGODON 343;11;653;3,2;21;0;1700
A368;ALTEX ALGODON 368;11;653;3,2;21;0;1700
A373;ALTEX ALGODON 373;11;653;3,2;21;0;1700
A478;ALTEX ALGODON 478;11;653;3,2;21;0;1700
A981;ALTEX ALGODON 981;11;653;3,2;21;0;1700
B1193;BARRA DE AGUJA CABO GRUESO RECTA;11;548,1;0;21;0;1500
B8647;BOBINA DE ATRAQUE;11;315,3;0;21;0;1700
12482;CHAPA DOBLE ARRASTRE LIVIANA;11;1499,99;1,5;21;0;2600
C16UF;CONDENSADOR 16 UF;11;2803;3,03;21;0;5765
3147;CORREA BROTHER-V BELT INDUSTRIAL Nï¿½;11;2519;2,29;21;0;4282
R24603;COSERIL HILO GRUESO APTO Nï¿½ï¿;11;0;6,87;21;0;6700
MGS1/4;CUCHILLA OJAL MGS 1/4;11;324;0,35;21;0;646
149159;DIENTE TRIPLE ARRASTRE INTERMEDIO ;11;1073;1,16;21;0;2077
HR123;HALCON ALGODON 123;11;1740,31;2,06;21;0;2100
HR138;HALCON ALGODON 138;11;1740,31;2,06;21;0;2100
HR148;HALCON ALGODON 148;11;1740,31;2,06;21;0;2100
HR201;HALCON ALGODON 201;11;1740,31;2,06;21;0;2100
HR285;HALCON ALGODON 285;11;1740,31;2,06;21;0;2100
HR297;HALCON ALGODON 297;11;1740,31;2,06;21;0;2100
HR335;HALCON ALGODON 335;11;1740,31;2,06;21;0;2100
HR363;HALCON ALGODON 363;11;1740,31;2,06;21;0;2100
HR898;HALCON ALGODON 898;11;1740,31;2,06;21;0;2100
HR920;HALCON ALGODON 920;11;1740,31;2,06;21;0;2100
HR936;HALCON ALGODON 936;11;1740,31;2,06;21;0;2100
D2121/8;LH DIENTE 1/8;11;3971;0;21;0;5941
PA2121/8;LH PORTA AGUJA 1/8;11;4462;0;21;0;7585
P/2121/8;LH PRENSATELA 1/8 C/GUIA ;11;6937;0;21;0;11793
P361;LH PRENSATELA CIERRE P361;11;2792;3,5;21;0;4746
P127;LH PRENSATELA JEAN P127;11;3942;4,9;21;0;6701
LP58;LP85 LUBRICANTE BLANCO x 250 cc;11;684;0,74;21;0;1408
251000-91;PEGASUS BARRA AGUJA 251000-91;11;15318;16,56;21;0;28729
204431;PEGASUS CROCHET 5 HILOS 204431;11;2238;2,42;21;0;4469
P12463;PRENSATELA C/RODILLO DE TEFLON;11;12166;11,06;21;0;18249
SUSEICR1/8E;PRENSATELA P/PESPUNTE SUSEICR1/8E;11;4246;3,86;21;0;8477
RR829;REALTEX ALGODON 829;11;1150;0;21;0;1300
REY138;REY ALGODON 138;11;1679,58;3,05;21;0;1900
REY145;REY ALGODON 145;11;1679,58;3,05;21;0;1900
REY146;REY ALGODON 146;11;1679,58;3,05;21;0;1900
REY151;REY ALGODON 151;11;1679,58;3,05;21;0;1900
REY162;REY ALGODON 162;11;1679,58;3,05;21;0;1900
REY176;REY ALGODON 176;11;1679,58;3,05;21;0;1900
REY202;REY ALGODON 202;11;1679,58;3,05;21;0;1900
REY226;REY ALGODON 226;11;1679,58;3,05;21;0;1900
REY271;REY ALGODON 271;11;1679,58;3,05;21;0;1900
REY279;REY ALGODON 279;11;1679,58;3,05;21;0;1900
REY297;REY ALGODON 297;11;1679,58;3,05;21;0;1900
REY326;REY ALGODON 326;11;1679,58;3,05;21;0;1900
REY357;REY ALGODON 357;11;1679,58;3,05;21;0;1900
REY398;REY ALGODON 398;11;1679,58;3,05;21;0;1900
REY399;REY ALGODON 399;11;1679,58;3,05;21;0;1900
REY431;REY ALGODON 431;11;1679,58;3,05;21;0;1900
REY499;REY ALGODON 499;11;1679,58;3,05;21;0;1900
REY895;REY ALGODON 895;11;1679,58;3,05;21;0;1900
REY75898;REY HILO DELGADO 898;11;2518,3;5,39;21;0;3300
RP30603;COSERIL POLIESTER APTO 603;11,025;0;28,45;21;0;18500
HP235;HALCON POLIESTER 235;11,08;6124,87;12,54;21;0;6900
REYP225;REY POLIESTER 225;11,275;5661,81;12,11;21;0;6500
REYP332;REY POLIESTER 332;11,3;5661,81;12,11;21;0;6500
REYP913;REY POLIESTER 913;11,6;5661,81;12,11;21;0;6500
REYP300;REY POLIESTER 300;11,68;5661,81;12,11;21;0;6500
REYP360;REY POLIESTER 360;11,79;5661,81;12,11;21;0;6500
REYP151;REY POLIESTER 151;11,965;5661,81;12,11;21;0;6500
3871;AGUJA TVx5 149x5 62x53 Nï¿½ï;12;1800;1,8;21;0;2880
A141;ALTEX ALGODON 141;12;653;3,2;21;0;1700
A222;ALTEX ALGODON 222;12;653;3,2;21;0;1700
A264;ALTEX ALGODON 264;12;653;3,2;21;0;1700
A300;ALTEX ALGODON 300;12;653;3,2;21;0;1700
A303;ALTEX ALGODON 303;12;653;3,2;21;0;1700
A364;ALTEX ALGODON 364;12;653;3,2;21;0;1700
A486;ALTEX ALGODON 486;12;653;3,2;21;0;1700
A900;ALTEX ALGODON 900;12;653;3,2;21;0;1700
A909;ALTEX ALGODON 909;12;653;3,2;21;0;1700
A934;ALTEX ALGODON 934;12;653;3,2;21;0;1700
A943;ALTEX ALGODON 943;12;653;3,2;21;0;1700
A967;ALTEX ALGODON 967;12;653;3,2;21;0;1700
A968;ALTEX ALGODON 968;12;653;3,2;21;0;1700
A969;ALTEX ALGODON 969;12;653;3,2;21;0;1700
A982;ALTEX ALGODON 982;12;653;3,2;21;0;1700
3149;CORREA BROTHER-V BELT INDUSTRIAL Nï¿½;12;2519;2,29;21;0;4282
MGS3/4;CUCHILLA OJAL MGS 3/4;12;324;0,35;21;0;646
MGS7/16;CUCHILLA OJAL MGS 7/16;12;324;0,35;21;0;666
37919;DESTORNILLADOR 37919 (1,6) AMARILLO;12;0;0;21;0;1200
12481;DIENTE DOBLE ARRASTRE LIVIANA;12;1439,99;1,44;21;0;2500
HR129;HALCON ALGODON 129;12;1740,31;2,06;21;0;2100
HR134;HALCON ALGODON 134;12;1740,31;2,06;21;0;2100
HR185;HALCON ALGODON 185;12;1740,31;2,06;21;0;2100
HR186;HALCON ALGODON 186;12;1740,31;2,06;21;0;2100
HR278;HALCON ALGODON 278;12;1740,31;2,06;21;0;2100
HR310;HALCON ALGODON 310;12;1740,31;2,06;21;0;2100
HR314;HALCON ALGODON 314;12;1740,31;2,06;21;0;2100
HR337;HALCON ALGODON 337;12;1740,31;2,06;21;0;2100
HR368;HALCON ALGODON 368;12;1740,31;2,06;21;0;2100
HR384;HALCON ALGODON 384;12;1740,31;2,06;21;0;2100
HR386;HALCON ALGODON 386;12;1740,31;2,06;21;0;2100
HR460;HALCON ALGODON 460;12;1740,31;2,06;21;0;2100
HR471;HALCON ALGODON 471;12;1740,31;2,06;21;0;2100
HR910;HALCON ALGODON 910;12;1740,31;2,06;21;0;2100
G35;IMAN PEQUEï¿½ï¿½;12;1498;1,62;21;0;2248
C2369;LAPICES DE TITANIUM ;12;29,2;0;21;0;80
529C1-8;LLAVE CUCHILLA RECTA ;12;803;0,73;21;0;1555
LED2472;LUCES LED AOM-6U ;12;10286;11,12;21;0;18258
P1409;POLEA 100;12;2821;3,05;21;0;5803
P1406;POLEA 85;12;2350;2,54;21;0;4833
TCR1/16E;PRENSATELA P/PESPUNTE TEFLON TCR1/16E;12;966,28;2,19;21;0;4550
T737K;PRENSATELA TEFLON T737K 3 HILOS ;12;5661;6,12;21;0;10960
RR800;REALTEX ALGODON 800;12;1150;0;21;0;1300
REY114;REY ALGODON 114;12;1679,58;3,05;21;0;1900
REY124;REY ALGODON 124;12;1679,58;3,05;21;0;1900
REY175;REY ALGODON 175;12;1679,58;3,05;21;0;1900
REY187;REY ALGODON 187;12;1679,58;3,05;21;0;1900
REY215;REY ALGODON 215;12;1679,58;3,05;21;0;1900
REY227;REY ALGODON 227;12;1679,58;3,05;21;0;1900
REY249;REY ALGODON 249;12;1679,58;3,05;21;0;1900
REY256;REY ALGODON 256;12;1679,58;3,05;21;0;1900
REY275;REY ALGODON 275;12;1679,58;3,05;21;0;1900
REY276;REY ALGODON 276;12;1679,58;3,05;21;0;1900
REY302;REY ALGODON 302;12;1679,58;3,05;21;0;1900
REY310;REY ALGODON 310;12;1679,58;3,05;21;0;1900
REY311;REY ALGODON 311;12;1679,58;3,05;21;0;1900
REY312;REY ALGODON 312;12;1679,58;3,05;21;0;1900
REY314;REY ALGODON 314;12;1679,58;3,05;21;0;1900
REY315;REY ALGODON 315;12;1679,58;3,05;21;0;1900
REY335;REY ALGODON 335;12;1679,58;3,05;21;0;1900
REY340;REY ALGODON 340;12;1679,58;3,05;21;0;1900
REY343;REY ALGODON 343;12;1679,58;3,05;21;0;1900
REY344;REY ALGODON 344;12;1679,58;3,05;21;0;1900
REY350;REY ALGODON 350;12;1679,58;3,05;21;0;1900
REY362;REY ALGODON 362;12;1679,58;3,05;21;0;1900
REY363;REY ALGODON 363;12;1679,58;3,05;21;0;1900
REY364;REY ALGODON 364;12;1679,58;3,05;21;0;1900
REY376;REY ALGODON 376;12;1679,58;3,05;21;0;1900
REY378;REY ALGODON 378;12;1679,58;3,05;21;0;1900
REY386;REY ALGODON 386;12;1679,58;3,05;21;0;1900
REY389;REY ALGODON 389;12;1679,58;3,05;21;0;1900
REY391;REY ALGODON 391;12;1679,58;3,05;21;0;1900
REY392;REY ALGODON 392;12;1679,58;3,05;21;0;1900
REY393;REY ALGODON 393;12;1679,58;3,05;21;0;1900
REY394;REY ALGODON 394;12;1679,58;3,05;21;0;1900
REY403;REY ALGODON 403;12;1679,58;3,05;21;0;1900
REY423;REY ALGODON 423;12;1679,58;3,05;21;0;1900
REY426;REY ALGODON 426;12;1679,58;3,05;21;0;1900
REY428;REY ALGODON 428;12;1679,58;3,05;21;0;1900
REY434;REY ALGODON 434;12;1679,58;3,05;21;0;1900
REY450;REY ALGODON 450;12;1679,58;3,05;21;0;1900
REY451;REY ALGODON 451;12;1679,58;3,05;21;0;1900
REY459;REY ALGODON 459;12;1679,58;3,05;21;0;1900
REY478;REY ALGODON 478;12;1679,58;3,05;21;0;1900
REY490;REY ALGODON 490;12;1679,58;3,05;21;0;1900
REY494;REY ALGODON 494;12;1679,58;3,05;21;0;1900
REY495;REY ALGODON 495;12;1679,58;3,05;21;0;1900
REY496;REY ALGODON 496;12;1679,58;3,05;21;0;1900
REY888;REY ALGODON 888;12;1679,58;3,05;21;0;1900
REY891;REY ALGODON 891;12;1679,58;3,05;21;0;1900
REY893;REY ALGODON 893;12;1679,58;3,05;21;0;1900
REY900;REY ALGODON 900;12;1679,58;3,05;21;0;1900
REY905;REY ALGODON 905;12;1679,58;3,05;21;0;1900
REY924;REY ALGODON 924;12;1679,58;3,05;21;0;1900
REY927;REY ALGODON 927;12;1679,58;3,05;21;0;1900
REY931;REY ALGODON 931;12;1679,58;3,05;21;0;1900
REY934;REY ALGODON 934;12;1679,58;3,05;21;0;1900
REY936;REY ALGODON 936;12;1679,58;3,05;21;0;1900
REY75374;REY HILO DELGADO 374;12;2518,3;5,39;21;0;3300
REY75417;REY HILO DELGADO 417;12;2518,3;5,39;21;0;3300
REYP105;REY POLIESTER 105;12;5661,81;12,11;21;0;6500
E809;SIRUBA CHAPA 4 HILOS E809;12;4634;5,01;21;0;9252
E982;SIRUBA CHAPA 5 HILOS E982;12;4634;5,01;21;0;9252
SK265;SIRUBA TORNILLO SK265;12;46,46;0;21;0;150
HP284;HALCON POLIESTER 284;12,105;6124,87;12,54;21;0;6900
REYP901;REY POLIESTER 901;12,33;5661,81;12,11;21;0;6500
REYP374;REY POLIESTER 374;12,42;5661,81;12,11;21;0;6500
REYP366;REY POLIESTER 366;12,435;5661,81;12,11;21;0;6500
HP401;HALCON POLIESTER 401;12,52;6124,87;12,54;21;0;6900
REYP471;REY POLIESTER 471;12,755;5661,81;12,11;21;0;6500
REYP313;REY POLIESTER 313;12,875;5661,81;12,11;21;0;6500
189;AGUJA DVX57 62X57 5640 Nï¿½;13;4110;4,11;21;0;7957
229;AGUJA UYx128GAS 1280 MY1040 Nï¿½;13;1730;1,73;21;0;2800
A360;ALTEX ALGODON 360;13;653;3,2;21;0;1700
3145;CORREA BROTHER-V BELT INDUSTRIAL Nï¿½;13;2519;2,29;21;0;4282
3150;CORREA BROTHER-V BELT INDUSTRIAL Nï¿½;13;2519;2,29;21;0;4282
4327;CORREA BROTHER-V BELT INDUSTRIAL Nï¿½;13;2519;2,29;21;0;4282
C12;"DAPET CUCHILLA DE 12""";13;22990;20,9;21;0;36784
HR104;HALCON ALGODON 104;13;1740,31;2,06;21;0;2100
HR393;HALCON ALGODON 393;13;1740,31;2,06;21;0;2100
HR423;HALCON ALGODON 423;13;1740,31;2,06;21;0;2100
HR453;HALCON ALGODON 453;13;1740,31;2,06;21;0;2100
SP181/32;LH PRENSATELA C/GUIA SP181/32;13;4442;5,6;21;0;7551
P1859;PORTA ROLLO AEREO PLATO GRANDE C/MORZA;13;9602;10,38;21;0;19750
REY170;REY ALGODON 170;13;1679,58;3,38;21;0;1900
REY385;REY ALGODON 385;13;1679,58;3,05;21;0;1900
REY406;REY ALGODON 406;13;1679,58;3,05;21;0;1900
REY456;REY ALGODON 456;13;1679,58;3,05;21;0;1900
REY914;REY ALGODON 914;13;1679,58;3,05;21;0;1900
REY916;REY ALGODON 916;13;1679,58;3,05;21;0;1900
KR35;SIRUBA CUCHILLA FIJA KR35;13;390;0,39;21;0;663
REYP254;REY POLIESTER 254;13,11;5661,81;12,11;21;0;6500
REYP339;REY POLIESTER 339;13,155;5661,81;12,11;21;0;6500
REYP430;REY POLIESTER 430;13,155;5661,81;12,11;21;0;6500
REYP930;REY POLIESTER 930;13,545;5661,81;12,11;21;0;6500
REYP925;REY POLIESTER 925;13,81;5661,81;12,11;21;0;6500
340;AGUJA TVX7 149X7 MY1002A Nï¿½;14;1730;1,73;21;0;2768
C1349;CAJA NACIONAL ;14;0;0;21;0;5300
G-1;GUIA DE RECTA T;14;32,73;0;21;0;200
HR112;HALCON ALGODON 112;14;1740,31;2,06;21;0;2100
HR141;HALCON ALGODON 141;14;1740,31;2,06;21;0;2100
HR153;HALCON ALGODON 153;14;1740,31;2,06;21;0;2100
HR203;HALCON ALGODON 203;14;1740,31;2,06;21;0;2100
HR323;HALCON ALGODON 323;14;1740,31;2,06;21;0;2100
HR366;HALCON ALGODON 366;14;1740,31;2,06;21;0;2100
HR372;HALCON ALGODON 372;14;1740,31;2,06;21;0;2100
HR387;HALCON ALGODON 387;14;1740,31;2,06;21;0;2100
LP48;LP85 LUBRICANTE BLANCO x 500 cc;14;1230;1,33;21;0;2531
306394;PEGASUS CUCHILLA PEGAELASTICO 306394;14;10915;11,8;21;0;21131
REY110;REY ALGODON 110;14;1679,58;3,05;21;0;1900
REY127;REY ALGODON 127;14;1679,58;3,05;21;0;1900
REY152;REY ALGODON 152;14;1679,58;3,05;21;0;1900
REY201;REY ALGODON 201;14;1679,58;3,05;21;0;1900
REY224;REY ALGODON 224;14;1679,58;3,05;21;0;1900
REY284;REY ALGODON 284;14;1679,58;3,05;21;0;1900
REY360;REY ALGODON 360;14;1679,58;3,05;21;0;1900
REY375;REY ALGODON 375;14;1679,58;3,05;21;0;1900
REY460;REY ALGODON 460;14;1679,58;3,05;21;0;1900
REY489;REY ALGODON 489;14;1679,58;3,05;21;0;1900
REY890;REY ALGODON 890;14;1679,58;3,05;21;0;1900
REY913;REY ALGODON 913;14;1679,58;3,05;21;0;1900
REY925;REY ALGODON 925;14;1679,58;3,05;21;0;1900
REY929;REY ALGODON 929;14;1679,58;3,05;21;0;1900
KN44;SIRUBA TUERCA CHICO KN44;14;290,4;0;21;0;500
REYP463;REY POLIESTER 463;14,24;5661,81;12,11;21;0;6500
REYP902;REY POLIESTER 902;14,335;5661,81;12,11;21;0;6500
REYP150;REY POLIESTER 150;14,575;5661,81;12,11;21;0;6500
REYP116;REY POLIESTER 116;14,58;5661,81;12,11;21;0;6500
REYP903;REY POLIESTER 903;14,92;5661,81;12,11;21;0;6500
3748;AGUJA TVx5 149x5 62x53 Nï¿½ï¿;15;1800;1,8;21;0;2880
3747;AGUJA TVx5 149x5 62x53 Nï¿½ï;15;1800;1,8;21;0;2880
238;AGUJA UYx128GAS 1280 MY1040 Nï¿½;15;1730;1,73;21;0;2800
A225;ALTEX ALGODON 225;15;653;3,2;21;0;1700
C3481;CADENA PARA PEDAL;15;0;0;21;0;1500
HR140;HALCON ALGODON 140;15;1740,31;2,06;21;0;2100
HR293;HALCON ALGODON 293;15;1740,31;2,06;21;0;2100
HR334;HALCON ALGODON 334;15;1740,31;2,06;21;0;2100
HR385;HALCON ALGODON 385;15;1740,31;2,06;21;0;2100
HR416;HALCON ALGODON 416;15;1740,31;2,06;21;0;2100
118460;JUKI CUCHILLA FIJA 118460;15;131,1;0;21;0;800
CH2121/8;LH CHAPA 1/8;15;4226;0;21;0;5578
B1524;LH PRENSATELA B1524;15;3495;4,4;21;0;5942
LP41;LP62 LUBRICANTE P/MAQ. CORTA TELAS x 100 cc;15;1045;1,13;21;0;1874
257259;PEGASUS DIENTE TAPACOSTURA 257259-16F;15;7132;7,71;21;0;13807
TW-E-7;PINZA  TWE7 STAINLESS;15;98;0;21;0;1100
REY118;REY ALGODON 118;15;1679,58;3,05;21;0;1900
REY208;REY ALGODON 208;15;1679,58;3,05;21;0;1900
REY333;REY ALGODON 333;15;1679,58;3,05;21;0;1900
REY353;REY ALGODON 353;15;1679,58;3,05;21;0;1900
REY387;REY ALGODON 387;15;1679,58;3,05;21;0;1900
REY417;REY ALGODON 417;15;1679,58;3,05;21;0;1900
REY440;REY ALGODON 440;15;1679,58;3,05;21;0;1900
REY471;REY ALGODON 471;15;1679,58;3,05;21;0;1900
REY909;REY ALGODON 909;15;1679,58;3,05;21;0;1900
REY918;REY ALGODON 918;15;1679,58;3,05;21;0;1900
KG07;SIRUBA DISCO PLATILLO KG07;15;340;0,34;21;0;600
SK261;SIRUBA TORNILLO SK261 PORTA CUCH. INF.;15;407;0,44;21;0;692
2183;AGUJA DCx27 B-27 MY1023 Nï¿½ï¿½;16;1420;1,42;21;0;2300
2886;AGUJA TQx1 175x1  Nï¿½;16;1260;1,26;21;0;2016
147150;CHAPA TRIPLE ARRASTRE LIVIANA;16;1650;1,5;21;0;2640
KS24;CUCHILLA DE CORTA HILO KS24;16;414;0;21;0;700
HR176;HALCON ALGODON 176;16;1740,31;2,06;21;0;2100
HR215;HALCON ALGODON 215;16;1740,31;2,06;21;0;2100
HR352;HALCON ALGODON 352;16;1740,31;2,06;21;0;2100
HR362;HALCON ALGODON 362;16;1740,31;2,06;21;0;2100
HR450;HALCON ALGODON 450;16;1740,31;2,06;21;0;2100
HR931;HALCON ALGODON 931;16;1740,31;2,06;21;0;2100
CH2121/4;LH CHAPA 1/4;16;4226;0;21;0;7184
P2117T;PRENSATELA TEFLON COLLARETA 6.4MM;16;4523;4,89;21;0;9031
MT-18;PRENSATELA TEFLON MT-18;16;1434;1,55;21;0;2602
R23802;REALTEX HILO GRUESO 802;16;0;0;21;0;2800
KG68;RESORTE CONICO MEDIO OVER. Y COLLARETA KG68;16;42;0;21;0;100
REY105;REY ALGODON 105;16;1679,58;3,05;21;0;1900
REY123;REY ALGODON 123;16;1679,58;3,05;21;0;1900
REY148;REY ALGODON 148;16;1679,58;3,05;21;0;1900
REY155;REY ALGODON 155;16;1679,58;3,05;21;0;1900
REY204;REY ALGODON 204;16;1679,58;3,05;21;0;1900
REY232;REY ALGODON 232;16;1679,58;3,05;21;0;1900
REY334;REY ALGODON 334;16;1679,58;3,05;21;0;1900
REY365;REY ALGODON 365;16;1679,58;3,05;21;0;1900
REY388;REY ALGODON 388;16;1679,58;3,05;21;0;1900
REY479;REY ALGODON 479;16;1679,58;3,05;21;0;1900
REY483;REY ALGODON 483;16;1679,58;3,05;21;0;1900
REYP155;REY POLIESTER 155;16,35;5661,81;12,11;21;0;6500
173-B;AGUJA DPx17 135x17 2167 Nï¿½ï;17;1420;1,42;21;0;2300
342;AGUJA TVX7 149X7 MY1002A Nï¿½ï¿½ï¿;17;1730;1,73;21;0;2768
345;AGUJA TVX7 149X7 MY1002A Nï¿½ï¿½ï¿½;17;1730;1,73;21;0;2768
3756;AGUJA UOx113 UY113GS Nï¿½ï¿;17;2130;2,13;21;0;3408
37919P;DESTORNILLADOR 37919P (1,6) AMARILLO;17;1050;1,18;21;0;1575
HR105;HALCON ALGODON 105;17;1740,31;2,06;21;0;2100
HR158;HALCON ALGODON 158;17;1740,31;2,06;21;0;2100
HR170;HALCON ALGODON 170;17;1740,31;2,06;21;0;2100
HR213;HALCON ALGODON 213;17;1740,31;2,06;21;0;2100
HR390;HALCON ALGODON 390;17;1740,31;2,06;21;0;2100
HR908;HALCON ALGODON 908;17;1740,31;2,06;21;0;2100
RR1983;REALTEX ALGODON 1983;17;0;0;21;0;1300
REY104;REY ALGODON 104;17;1679,58;3,05;21;0;1900
REY143;REY ALGODON 143;17;1679,58;3,05;21;0;1900
REY254;REY ALGODON 254;17;1679,58;3,05;21;0;1900
REY336;REY ALGODON 336;17;1679,58;3,05;21;0;1900
REY379;REY ALGODON 379;17;1679,58;3,05;21;0;1900
REY416;REY ALGODON 416;17;1679,58;3,05;21;0;1900
REY23898;REY HILO GRUESO 898;17;2518,3;5,39;21;0;3300
REYP890;REY POLIESTER 890;17,685;5661,81;12,11;21;0;6500
161;AGUJA DPx5 135x5 134 Nï¿½ï¿;18;940;0,94;21;0;1600
2835;AGUJA TQx7 175x7 29-L:2091 Nï¿½;18;1420;1,42;21;0;2300
341;AGUJA TVX7 149X7 MY1002A Nï¿½ï;18;1730;1,73;21;0;2768
3758;AGUJA UOx113 UY113GS Nï¿½;18;2130;2,13;21;0;3408
A964;ALTEX ALGODON 964;18;653;3,2;21;0;1700
C35UF;CONDENSADOR 35 UF;18;5245;5,67;21;0;8916
149057;DIENTE TRIPLE ARRASTRE LIVIANA;18;1388;1,5;21;0;2220
HR303;HALCON ALGODON 303;18;1740,31;2,06;21;0;2100
HR360;HALCON ALGODON 360;18;1740,31;2,06;21;0;2100
HR440;HALCON ALGODON 440;18;1740,31;2,06;21;0;2100
257207;PEGASUS DIENTE TAPACOSTURA 257207-16F;18;7132;7,71;21;0;13807
REY116;REY ALGODON 116;18;1679,58;3,05;21;0;1900
REY132;REY ALGODON 132;18;1679,58;3,05;21;0;1900
REY153;REY ALGODON 153;18;1679,58;3,05;21;0;1900
REY185;REY ALGODON 185;18;1679,58;3,05;21;0;1900
REY264;REY ALGODON 264;18;1679,58;3,05;21;0;1900
REY366;REY ALGODON 366;18;1679,58;3,05;21;0;1900
REY455;REY ALGODON 455;18;1679,58;3,05;21;0;1900
REY463;REY ALGODON 463;18;1679,58;3,05;21;0;1900
REY897;REY ALGODON 897;18;1679,58;3,05;21;0;1900
REY901;REY ALGODON 901;18;1679,58;3,05;21;0;1900
REY75141;REY HILO DELGADO 141;18;2518,3;5,39;21;0;3300
REY23141;REY HILO GRUESO 141;18;2518,3;5,39;21;0;3300
KM04C;SIRUBA CROCHET KM04;18;2128;2,3;21;0;4376
T830;TENSION COMPLETA JUKI;18;265,64;0;21;0;4200
TP552;TIZA PLASTICA BLANCO Y COLOR ;18;47,6;0;21;0;300
REYP892;REY POLIESTER 892;18,08;5661,81;12,11;21;0;6500
REYP485;REY POLIESTER 485;18,18;5661,81;12,11;21;0;6500
REYP108;REY POLIESTER 108;18,56;5661,81;12,11;21;0;6500
150;AGUJA DBx1 16x231/257 1738 Nï¿½ï;19;940;0,94;21;0;1600
177;AGUJA DCx27 B-27 MY1023 Nï¿½ï¿;19;1420;1,42;21;0;2300
2898;AGUJA TQx1 175x1  Nï¿½;19;1260;1,26;21;0;2016
4798;AGUJA TVx5 149x5 62x53 Nï¿½ï¿;19;1800;1,8;21;0;2880
343;AGUJA TVX7 149X7 MY1002A Nï¿½ï¿½ï¿½;19;1730;1,73;21;0;2941
4181;AGUJA UOx113 UY113GS Nï¿½;19;2130;2,13;21;0;3408
CA-473;CARRETEL P/RECTA CROCHET GRANDE;19;341;0,31;21;0;701
E1569;ESQUINEROS RECTA JUKI ;19;151,8;0;21;0;1500
HR124;HALCON ALGODON 124;19;1740,31;2,06;21;0;2100
REY134;REY ALGODON 134;19;1679,58;3,05;21;0;1900
REY23892;REY HILO GRUESO 892;19;2518,3;5,39;21;0;3300
AP726;ALTEX POLIESTER 726;19,2;3040;17;21;0;5800
HP151;HALCON POLIESTER 151;19,41;6124,87;12,54;21;0;6900
168;AGUJA DCx27 B-27 MY1023 Nï¿½;20;1420;1,42;21;0;2300
178;AGUJA DPx17 135x17 2167 Nï¿½ï¿;20;1420;1,42;21;0;2300
176;AGUJA DPx17 135x17 2167 Nï¿½ï;20;1420;1,42;21;0;2300
167;AGUJA DPx5 135x5/7 134 Nï¿½;20;940;0,94;21;0;1600
2879;AGUJA TQx1 175x1  Nï¿½;20;1260;1,26;21;0;2016
2889;AGUJA TQx1 175x1  Nï¿½;20;1260;1,26;21;0;2016
2833;AGUJA TQx7 175x7 29-L:2091 Nï¿½;20;1420;1,42;21;0;2300
2837;AGUJA TQx7 175x7 29-L:2091 Nï¿½ï;20;1420;1,42;21;0;2300
2838;AGUJA TQx7 175x7 29-L:2091 Nï¿½ï;20;1420;1,42;21;0;2300
4799;AGUJA TVx5 149x5 62x53 Nï¿½ï¿;20;1800;1,8;21;0;2880
3749;AGUJA TVx5 149x5 62x53 Nï¿½ï¿;20;1800;1,8;21;0;3060
3755;AGUJA UOx113 UY113GS Nï¿½ï¿½ï¿½ï;20;2130;2,13;21;0;3408
3764;AGUJA UOx113 UY113GS Nï¿½;20;2130;2,13;21;0;3408
3141;CORREA BROTHER-V BELT INDUSTRIAL Nï¿½;20;2519;2,29;21;0;4282
3143;CORREA BROTHER-V BELT INDUSTRIAL Nï¿½;20;2289,98;2,29;21;0;4282
C-TEC555;CUCHILLA P/EQUIPO CORTA GUATA TEC555;20;379;0,41;21;0;780
CKG1;CUCHILLA P/OVERLOCK C/ATRAQUE;20;0;0;21;0;700
17C15-103 ;ESPINA ELASTICA;20;0;0;21;0;30
HR923;HALCON ALGODON 923;20;1740,31;2,06;21;0;2100
3256;RESORTE TIRA HILO ;20;70;0;21;0;150
REY102;REY ALGODON 102;20;1679,58;3,05;21;0;1900
REY130;REY ALGODON 130;20;1679,58;3,05;21;0;1900
E229;SIRUBA CHAPA 4 HILOS E229;20;4210;4,21;21;0;8660
KG221;SIRUBA PALANCA TIRA HILO KG221 ORIGINAL;20;329,4;1,8;21;0;600
SK233;SIRUBA TORNILLO SK233;20;220;0,2;21;0;374
SK249;SIRUBA TORNILLO SK249;20;166;0,18;21;0;342
REYP333;REY POLIESTER 333;20,38;5661,81;12,11;21;0;6500
REYP916;REY POLIESTER 916;20,465;5661,81;12,11;21;0;6500
REYP322;REY POLIESTER 322;20,515;5661,81;12,11;21;0;6500
147;AGUJA DBx1 16x231/257 1738 Nï¿½ï¿½ï¿½;21;940;0,94;21;0;1600
2836;AGUJA TQx7 175x7 29-L:2091 Nï¿½ï;21;1420;1,42;21;0;2300
3265;AGUJA UOx113 UY113GS Nï¿½;21;2130;2,13;21;0;3408
E1562;ESQUINEROS RECTA SUNSTAR ;21;272,55;0;21;0;1400
P1407;POLEA 90;21;2350;2,54;21;0;4833
REY112;REY ALGODON 112;21;1679,58;3,05;21;0;1900
REY493;REY ALGODON 493;21;1679,58;3,05;21;0;1900
TCP;TENSION COMPLETO OVERLOCK Y COLLARETA;21;850,5;5,4;21;0;3900
REYP269;REY POLIESTER 269;21,12;5661,81;12,11;21;0;6500
REYP898;REY POLIESTER 898;21,93;5661,81;12,11;21;0;6500
170;AGUJA DCx27 B-27 MY1023 Nï¿½ï¿½;22;1420;1,42;21;0;2300
163;AGUJA DPx5 135x5 134 Nï¿½ï¿½ï¿½ï¿½ï¿½;22;940;0,94;21;0;1600
A275;ALTEX ALGODON 275;22;653;3,2;21;0;1700
REY197;REY ALGODON 197;22;1679,58;3,05;21;0;1900
REY259;REY ALGODON 259;22;1679,58;3,05;21;0;1900
REY351;REY ALGODON 351;22;1679,58;3,05;21;0;1900
REY374;REY ALGODON 374;22;1679,58;3,05;21;0;1900
REY921;REY ALGODON 921;22;1679,58;3,05;21;0;1900
REY75802;REY HILO DELGADO 802;22;2518,3;5,39;21;0;3300
REY75901;REY HILO DELGADO 901;22;2518,3;5,39;21;0;3300
162;AGUJA DPx5 135x5 134 Nï¿½ï¿½ï¿½;23;940;0,94;21;0;1600
165;AGUJA DPx5 135x5/7 134 Nï¿½ï¿½ï¿½ï¿½ï¿½ï¿½;23;940;0,94;21;0;1600
166;AGUJA DPx5 135x5/7 134 Nï¿½ï¿½ï¿½ï¿½ï¿½ï¿;23;940;0,94;21;0;1600
3757;AGUJA UOx113 UY113GS Nï¿½;23;2130;2,13;21;0;3408
236;AGUJA UYx128GAS 1280 MY1040 Nï¿½ï;23;1730;1,73;21;0;2800
A904;ALTEX ALGODON 904;23;653;3,2;21;0;1700
HR919;HALCON ALGODON 919;23;1740,31;2,06;21;0;2100
H23898;HALCON HILO GRUESO 898;23;2847,01;3,37;21;0;3700
H23901;HALCON HILO GRUESO 901;23;2847,01;3,37;21;0;3700
MG20L;IMAN MEDIANO MG20L;23;2213,57;0;21;0;3320
19-416;KANSAI SPECIAL GUARDA AGUJA CINTUR. 19-416 ;23;2086;0;21;0;3338
RR834;REALTEX ALGODON 834;23;0;0;21;0;1300
R751982;REALTEX HILO DELGADO 1982;23;0;0;21;0;2800
REY892;REY ALGODON 892;23;1679,58;3,05;21;0;1900
REY75892;REY HILO DELGADO 892;23;2518,3;5,39;21;0;3300
149;AGUJA DBx1 16x231/257 1738 Nï¿½;24;940;0,94;21;0;1600
175;AGUJA DCx27 B-27 MY1023 Nï¿½ï¿;24;1420;1,42;21;0;2300
175-B;AGUJA DPx17 135x17 2167 Nï¿½ï;24;1420;1,42;21;0;2300
3754;AGUJA UOx113 UY113GS Nï¿½ï¿½ï;24;2130;2,13;21;0;3408
A215;ALTEX ALGODON 215;24;653;3,2;21;0;1700
R50603;COSERIL HILO APTO Nï¿½;24;0;6,88;21;0;6700
99074-0-11P;DESTORNILLADOR 99074-0-11P (1,5) ROJO;24;1050;1,18;21;0;1575
P7293;POXI-RAM PEGAMENTO PARA CORCHO;24;1300;1,41;21;0;1900
REY318;REY ALGODON 318;24;1679,58;3,05;21;0;1900
REY485;REY ALGODON 485;24;1679,58;3,05;21;0;1900
REY898;REY ALGODON 898;24;1679,58;3,05;21;0;1900
REY910;REY ALGODON 910;24;1679,58;3,05;21;0;1900
REY912;REY ALGODON 912;24;1679,58;3,05;21;0;1900
69C1-31;RODILLO DE BASE ;24;440;0;21;0;800
T11265;TENSION COMPLETA SUNSTAR;24;212,28;0;21;0;3900
2179;AGUJA DBx1 16x231/257 1738 Nï¿½;25;940;0,94;21;0;1600
174;AGUJA DPx17 135x17 2167 Nï¿½;25;1420;1,42;21;0;2300
PC162;PINZAS FIJA PARA SUJETAR TELA;25;2090;1,9;21;0;3850
REY101;REY ALGODON 101;25;1679,58;3,05;21;0;1900
REY293;REY ALGODON 293;25;1679,58;3,05;21;0;1900
3137;CORREA BROTHER-V BELT INDUSTRIAL Nï¿½;26;2519;2,29;21;0;4282
HR924;HALCON ALGODON 924;26;1740,31;2,06;21;0;2100
REY167;REY ALGODON 167;26;1679,58;3,05;21;0;1900
REY235;REY ALGODON 235;26;1679,58;3,05;21;0;1900
REY323;REY ALGODON 323;26;1679,58;3,05;21;0;1900
REY902;REY ALGODON 902;26;1679,58;3,05;21;0;1900
REY911;REY ALGODON 911;26;1679,58;3,05;21;0;1900
CA-179;CARRETEL P/DOBLE AGUJA ALUMINIO CROCHE CHICO;27;592;0,64;21;0;1218
HR905;HALCON ALGODON 905;27;1740,31;2,06;21;0;2100
TH3255;RESORTE TIRA HILO LIVIANO;27;80;0,5;21;0;150
REY907;REY ALGODON 907;27;1679,58;3,05;21;0;1900
REY23360;REY HILO GRUESO 360;27;2518,3;5,39;21;0;3300
REYP378;REY POLIESTER 378;27,14;5661,81;12,11;21;0;6500
REYP454;REY POLIESTER 454;27,22;5661,81;12,11;21;0;6500
B77;AGUJA DBxK5 SES NY Nï¿½ï¿½;28;0;0;21;0;190
179;AGUJA DCx27 B-27 MY1023 Nï¿½ï¿;28;1420;1,42;21;0;2300
1903;AGUJA HAX1 705S Nï¿½;28;1180;1,18;21;0;1900
3140;CORREA BROTHER-V BELT INDUSTRIAL Nï¿½;29;2519;2,29;21;0;4282
RR1985;REALTEX ALGODON 1985;29;0;0;21;0;1300
REY309;REY ALGODON 309;29;1679,58;3,05;21;0;1900
REY75322;REY HILO DELGADO 322;29;2518,3;5,39;21;0;3300
KN43;SIRUBA RESORTE CHICO KN43;29;148;0,16;21;0;304
H75334;HALCON HILO DELGADO 334;30;2847,01;3,37;21;0;3700
H23334;HALCON HILO GRUESO 334;30;2847,01;3,37;21;0;3700
REY283;REY ALGODON 283;30;1679,58;3,05;21;0;1900
REY75360;REY HILO DELGADO 360;30;2518,3;5,39;21;0;3300
1901;AGUJA HAX1 705S Nï¿½ï¿;31;1185;1,18;21;0;1900
230;AGUJA UYx128GAS 1280 MY1040 Nï¿½;31;1730;1,73;21;0;2800
REY338;REY ALGODON 338;31;1679,58;3,05;21;0;1900
REY23905;REY HILO GRUESO 905;31;2518,3;5,39;21;0;3300
HR890;HALCON ALGODON 890;32;1740,31;2,06;21;0;2100
H75390;HALCON HILO DELGADO 390;32;2847,01;3,37;21;0;3700
148;AGUJA DBx1 16x231/257 1738 Nï¿½ï¿½ï;33;940;0,94;21;0;1600
B79;AGUJA DBxK5 SES Nï¿½ï¿½ï¿½;34;0;0;21;0;200
R751985;REALTEX HILO DELGADO 1985;34;0;0;21;0;2800
R231985;REALTEX HILO GRUESO 1985;34;0;0;21;0;2800
4028;AGUJA DPx5 135x5 134 Nï¿½ï¿½ï¿½ï¿½ï¿;35;940;0,94;21;0;1600
1900;AGUJA HAX1 705S Nï¿½ï¿;36;1180;1,18;21;0;1900
ER802;EKONOMIKO ALGODON NEGRO 802;36;972,47;1,25;21;0;1500
TW-E-6;PINZA STAINLESS TWE-6;36;100;0;21;0;1300
1833;AGUJA DCx27 B-27 MY1023 Nï¿½ï¿½;37;1420;1,42;21;0;2300
2357;AGUJA HAX1 705S Nï¿½ï¿;37;1180;1,18;21;0;1900
KR23;SIRUBA CUCHILLA MOVIL KR23;37;1090;1,09;21;0;1853
173;AGUJA DCx27 B-27 MY1023 Nï¿½ï;38;1420;1,42;21;0;2300
1829;AGUJA DPx5 135x5 134 Nï¿½;40;940;0,94;21;0;1600
ER322;EKONOMIKO ALGODON 322;40;1156;1,25;21;0;1399
3139;CORREA BROTHER-V BELT INDUSTRIAL Nï¿½;41;2519;2,29;21;0;4282
REY23390;REY HILO GRUESO 390;41;2518,3;5,39;21;0;3300
SM332-5H;SIRUBA TORNILLO AJUSTE DIENTE 5 HILOS SM332;41;198;0,18;21;0;407
SK216-CP;SIRUBA TORNILLO SK216 PORTA AGUJA PLANO ;41;0;0;21;0;200
160;AGUJA DPx5 135x5 134 Nï¿½ï¿½ï¿½ï¿;42;940;0,94;21;0;1600
REY75390;REY HILO DELGADO 390;42;2518,3;5,39;21;0;3300
REY75801;REY HILO DELGADO 801;43;2518,3;5,39;21;0;3300
MGS1/2;CUCHILLA OJAL MGS 1/2;46;324;0,35;21;0;646
REY75905;REY HILO DELGADO 905;47;2518,3;5,39;21;0;3300
REY23901;REY HILO GRUESO 901;48;2518,3;5,39;21;0;3300
T1093;TORNILLO P/GUIA DE PATITA TAPACOSTURA;48;29,68;0;21;0;100
B73;AGUJA DBxK5 Nï¿½ï¿;50;0;0;21;0;190
B78;AGUJA DBxK5 SES Nï¿½ï¿½ï¿;50;0;0;21;0;190
SK-621;TORNILLO PRENSATELA RECTA;50;300;0,3;21;0;500
1904;AGUJA DOBLE P/FAMILIAR  Nï¿½;57;2683;2,9;21;0;2300
R23875;REALTEX HILO GRUESO 875;57;0;0;21;0;2800
R75801;REALTEX HILO DELGADO 801;58;0;0;21;0;2800
REY23802;REY HILO GRUESO 802;58;2518,3;5,39;21;0;3300
R75875;REALTEX HILO DELGADO 875;62;0;0;21;0;2800
REY23801;REY HILO GRUESO 801;63;2518,3;5,39;21;0;3300
R23801;REALTEX HILO GRUESO 801;64;0;0;21;0;2800
SK539;SIRUBA TORNILLO SK539 CHAPA COLLAR. Y TAPAC. ;65;166;0,18;21;0;332
B-9117;CARRETEL P/DOBLE AGUJA METAL;69;101;0,36;21;0;200
204161;PEGASUS CUCHILLA FIJA 204161;71;546;0,59;21;0;1057
SK260;SIRUBA TORNILLO SK260 P/CHAPA;71;94;0,18;21;0;250
SK241;SIRUBA TORNILLO SK241 P/CROCHET;72;0;0;21;0;250
B75;AGUJA DBxK5 Nï¿½ï¿½;73;0;0;21;0;190
TP540;TIZA PLASTICATAIWAN;79;330;0,3;21;0;561
201121A;PEGASUS CUCHILLA MOVIL 201121A;81;1202;1,3;21;0;2184
S-701-TW;PIQUETE TAIWAN;82;1287;1,17;21;0;2336
CA-180;CARRETEL P/DOBLE AGUJA ALUMINIO;85;171;0,64;21;0;412
REY23322;REY HILO GRUESO 322;91;2518,3;5,39;21;0;3300
CP1091;TORNILLO DE CHAPA RECTA;91;0;0;21;0;300
181C2-2;AFILADOR DE MAQUINA DE CORTAR U.S.A;92;15,31;0;21;0;50
CA-181;CARRETEL P/ATRAQUE ALUMINIO;92;259;0,28;21;0;533
CI1819;CORCHO IMPORTADO 4 AGUJEROS;93;888;0,96;21;0;1827
208-TW;TORNILLO PARA AGUJA RECTA;94;0;0;21;0;200
B76;AGUJA DBxK5 SES NY Nï¿½ï¿½;98;0;0;21;0;190
CP1090;TORNILLO DE DIENTE RECTA;100;25;0;21;0;60
CI1818;CORCHO IMPORTADO 5MM;105;786;0,85;21;0;1617
HR802;HALCON ALGODON NEGRO 802;120;783;1,82;21;0;1600
L801;LANDI ALGODON BLANCO 801;122;830,51;0;21;0;1400
RR875;REALTEX ALGODON 875;125;0;0;21;0;1300
RP802;REALTEX POLIESTER NEGRO 802;137,85;3900;7,61;21;0;5500
CA-182;CARRETEL P/OJAL ALUMINIO;160;92;0,34;21;0;300
RP801;REALTEX POLIESTER BLANCO 801;172,065;3050;6,8;21;0;4900
HR801;HALCON ALGODON BLANCO 801;174;714;1,66;21;0;1600
B74;AGUJA DBxK5 NY SES Nï¿½ï¿;189;0;0;21;0;190
SK216-CR;SIRUBA TORNILLO SK216 P/ALLEN ROJO ;227;20;0;21;0;200
SK216-CA;SIRUBA TORNILLO SK216  P/ALLEN AMARILLO ;357;33,35;0;21;0;200
CA-55623;CARRETEL P/RECTA ALUMINIO;484;139;0,15;21;0;285
1891C2-2C;AFILADOR DE MAQUINA DE CORTAR CHINO;786;143;0,13;21;0;277
0;REPARACION DEMOTOR- $35000;9999;0;0;21;0;0
